substrate,well,dioxazolone,OH,product,yield (%),predicted
A1-C1,W1277,CC1=CC=C(C(O2)=NOC2=O)C=C1,OCC1=CC=CC=C1,O=C(NC1=CC=C(C)C=C1)OCC2=CC=CC=C2,76,67.27902222
A1-C2,W1278,CC1=CC=C(C(O2)=NOC2=O)C=C1,CC1=CC=C(CO)C=C1,CC1=CC=C(COC(NC2=CC=C(C)C=C2)=O)C=C1,79,75.06300354
A1-C3,W1279,CC1=CC=C(C(O2)=NOC2=O)C=C1,ClC1=CC=C(CO)C=C1,ClC1=CC=C(COC(NC2=CC=C(C)C=C2)=O)C=C1,82,72.79501343
A1-C4,W1280,CC1=CC=C(C(O2)=NOC2=O)C=C1,ClC1=CC(CO)=CC=C1,ClC1=CC(COC(NC2=CC=C(C)C=C2)=O)=CC=C1,76,79.62458801
A1-C5,W1281,CC1=CC=C(C(O2)=NOC2=O)C=C1,OCC1=CC=CC(Br)=C1,BrC1=CC(COC(NC2=CC=C(C)C=C2)=O)=CC=C1,89,79.33129883
A1-C6,W1282,CC1=CC=C(C(O2)=NOC2=O)C=C1,OCC1=CC=CC=C1Cl,ClC1=CC=CC=C1COC(NC2=CC=C(C)C=C2)=O,80,76.98027039
A1-C7,W1283,CC1=CC=C(C(O2)=NOC2=O)C=C1,OCC1=CC=CC=C1I,IC1=CC=CC=C1COC(NC2=CC=C(C)C=C2)=O,85,77.76132965
A1-C8,W1284,CC1=CC=C(C(O2)=NOC2=O)C=C1,OCC1=CC(Cl)=CC(Cl)=C1,ClC1=CC(COC(NC2=CC=C(C)C=C2)=O)=CC(Cl)=C1,80,77.46376801
A1-C9,W1285,CC1=CC=C(C(O2)=NOC2=O)C=C1,OCC1=CC(C(F)(F)F)=CC(C(F)(F)F)=C1,CC(C=C1)=CC=C1NC(OCC2=CC(C(F)(F)F)=CC(C(F)(F)F)=C2)=O,51,42.9677887
A1-C10,W1286,CC1=CC=C(C(O2)=NOC2=O)C=C1,COC1=CC=C(Br)C=C1CO,COC1=CC=C(Br)C=C1COC(NC2=CC=C(C)C=C2)=O,66,69.94182587
A1-C11,W1287,CC1=CC=C(C(O2)=NOC2=O)C=C1,OCC1=CC(F)=CC=C1Br,BrC1=CC=C(F)C=C1COC(NC2=CC=C(C)C=C2)=O,77,78.1058197
A1-C12,W1288,CC1=CC=C(C(O2)=NOC2=O)C=C1,OCC1=C([N+]([O-])=O)C=C(OC)C(OC)=C1,COC1=CC([N+]([O-])=O)=C(COC(NC2=CC=C(C)C=C2)=O)C=C1OC,50,37.7713089
A1-C13,W1289,CC1=CC=C(C(O2)=NOC2=O)C=C1,OCC1=C(F)C(F)=C(F)C(F)=C1F,FC1=C(COC(NC2=CC=C(C)C=C2)=O)C(F)=C(F)C(F)=C1F,67,47.53755188
A1-C14,W1290,CC1=CC=C(C(O2)=NOC2=O)C=C1,OCC1=CC(OC2=CC=CC=C2)=CC=C1,CC(C=C1)=CC=C1NC(OCC2=CC(OC3=CC=CC=C3)=CC=C2)=O,53,48.94376755
A1-C15,W1291,CC1=CC=C(C(O2)=NOC2=O)C=C1,OCC1=CC=C(B2OC(C)(C)C(C)(C)O2)C=C1,CC1(C)C(C)(C)OB(O1)C2=CC=C(COC(NC3=CC=C(C)C=C3)=O)C=C2,47,37.24920654
A1-C16,W1292,CC1=CC=C(C(O2)=NOC2=O)C=C1,OCC1=CC=C(N2C(C)=NC=C2)C=C1,CC1=NC=CN1C2=CC=C(COC(NC3=CC=C(C)C=C3)=O)C=C2,34,35.11561203
A1-C17,W1293,CC1=CC=C(C(O2)=NOC2=O)C=C1,OCC1=CC=CC=C1N2C=NC=C2,CC(C=C1)=CC=C1NC(OCC2=CC=CC=C2N3C=NC=C3)=O,36,32.46208191
A1-C18,W1294,CC1=CC=C(C(O2)=NOC2=O)C=C1,OCC1=C2C(C=CC=C2)=CC3=CC=CC=C31,CC(C=C1)=CC=C1NC(OCC2=C3C(C=CC=C3)=CC4=CC=CC=C42)=O,39,31.86166763
A1-C19,W1295,CC1=CC=C(C(O2)=NOC2=O)C=C1,CC(O)C1=CC=CC=C1,CC(OC(NC1=CC=C(C)C=C1)=O)C2=CC=CC=C2,73,76.80950165
A1-C20,W1296,CC1=CC=C(C(O2)=NOC2=O)C=C1,OC(C)C1=C(C=CC=C2)C2=CC=C1,CC(OC(NC1=CC=C(C)C=C1)=O)C2=C(C=CC=C3)C3=CC=C2,39,40.60336304
A1-C21,W1297,CC1=CC=C(C(O2)=NOC2=O)C=C1,OC(C1=CC=CC=C1)C2=CC=CC=C2,CC(C=C1)=CC=C1NC(OC(C2=CC=CC=C2)C3=CC=CC=C3)=O,43,44.9697113
A1-C22,W1298,CC1=CC=C(C(O2)=NOC2=O)C=C1,OC(C1=CC=C(OC)C=C1)C2=CC=C(OC)C=C2,COC(C=C1)=CC=C1C(OC(NC2=CC=C(C)C=C2)=O)C3=CC=C(OC)C=C3,35,38.48992538
A1-C23,W1299,CC1=CC=C(C(O2)=NOC2=O)C=C1,CC(O)(C)C1=CC=CC=C1,CC(OC(NC1=CC=C(C)C=C1)=O)(C)C2=CC=CC=C2,51,53.78630447
A1-C24,W1300,CC1=CC=C(C(O2)=NOC2=O)C=C1,OCCC1=CC=CC=C1,CC(C=C1)=CC=C1NC(OCCC2=CC=CC=C2)=O,85,74.67946625
A1-C25,W1301,CC1=CC=C(C(O2)=NOC2=O)C=C1,CC(C)(C)C1=CC=C(CCO)C=C1,CC(C)(C)C1=CC=C(CCOC(NC2=CC=C(C)C=C2)=O)C=C1,55,41.31367493
A1-C26,W1302,CC1=CC=C(C(O2)=NOC2=O)C=C1,COC1=CC=C(CCO)C=C1,COC1=CC=C(CCOC(NC2=CC=C(C)C=C2)=O)C=C1,50,43.52290344
A1-C27,W1303,CC1=CC=C(C(O2)=NOC2=O)C=C1,FC1=CC=C(CCO)C=C1,FC1=CC=C(CCOC(NC2=CC=C(C)C=C2)=O)C=C1,79,74.95580292
A1-C28,W1304,CC1=CC=C(C(O2)=NOC2=O)C=C1,BrC1=CC=C(CCO)C=C1,BrC1=CC=C(CCOC(NC2=CC=C(C)C=C2)=O)C=C1,83,70.50095367
A1-C29,W1305,CC1=CC=C(C(O2)=NOC2=O)C=C1,OCCC1=CC=CC(Br)=C1,BrC1=CC(CCOC(NC2=CC=C(C)C=C2)=O)=CC=C1,84,72.81725311
A1-C30,W1306,CC1=CC=C(C(O2)=NOC2=O)C=C1,OCCC1=CC=C([N+]([O-])=O)C=C1,CC(C=C1)=CC=C1NC(OCCC2=CC=C([N+]([O-])=O)C=C2)=O,40,31.02974129
A1-C31,W1307,CC1=CC=C(C(O2)=NOC2=O)C=C1,OCCC1=C(C=CC=C2)C2=CC=C1,CC(C=C1)=CC=C1NC(OCCC2=C(C=CC=C3)C3=CC=C2)=O,45,41.68614578
A1-C32,W1308,CC1=CC=C(C(O2)=NOC2=O)C=C1,OCCC1=CC=CS1,CC(C=C1)=CC=C1NC(OCCC2=CC=CS2)=O,75,69.7052002
A1-C33,W1309,CC1=CC=C(C(O2)=NOC2=O)C=C1,OCCC1=CC=CC=N1,CC(C=C1)=CC=C1NC(OCCC2=CC=CC=N2)=O,69,78.51515198
A1-C34,W1310,CC1=CC=C(C(O2)=NOC2=O)C=C1,OCCCC1=C(Br)C=CC=C1,BrC1=C(CCCOC(NC2=CC=C(C)C=C2)=O)C=CC=C1,52,42.95261383
A1-C35,W1311,CC1=CC=C(C(O2)=NOC2=O)C=C1,OCC(C)C1=CC=CC=C1,CC(COC(NC1=CC=C(C)C=C1)=O)C2=CC=CC=C2,44,44.735466
A1-C36,W1312,CC1=CC=C(C(O2)=NOC2=O)C=C1,OCC#CC1=CC=CC=C1,CC(C=C1)=CC=C1NC(OCC#CC2=CC=CC=C2)=O,76,73.46257019
A1-C37,W1313,CC1=CC=C(C(O2)=NOC2=O)C=C1,OCCOC1=CC=CC=C1,CC(C=C1)=CC=C1NC(OCCOC2=CC=CC=C2)=O,81,73.82668304
A1-C38,W1314,CC1=CC=C(C(O2)=NOC2=O)C=C1,OC1CCCC1,CC(C=C1)=CC=C1NC(OC2CCCC2)=O,67,75.95739746
A1-C39,W1315,CC1=CC=C(C(O2)=NOC2=O)C=C1,OCC1CCCCC1,CC(C=C1)=CC=C1NC(OCC2CCCCC2)=O,39,49.66862106
A1-C40,W1316,CC1=CC=C(C(O2)=NOC2=O)C=C1,CN(CCO)CC1=CC=CC=C1,CN(CCOC(NC1=CC=C(C)C=C1)=O)CC2=CC=CC=C2,36,36.1659584
A1-C41,W1317,CC1=CC=C(C(O2)=NOC2=O)C=C1,C=CCCO,C=CCCOC(NC1=CC=C(C)C=C1)=O,63,65.40024567
A1-C42,W1318,CC1=CC=C(C(O2)=NOC2=O)C=C1,OC(C=C)(CC/C=C(C)/C)C,CC(C=C)(CC/C=C(C)/C)OC(NC1=CC=C(C)C=C1)=O,39,41.79891968
A1-C43,W1319,CC1=CC=C(C(O2)=NOC2=O)C=C1,OC/C=C(C)/CC/C=C(C)/C,C/C(CC/C=C(C)/C)=C\COC(NC1=CC=C(C)C=C1)=O,60,41.60443115
A1-C44,W1320,CC1=CC=C(C(O2)=NOC2=O)C=C1,CCCCC/C=C/CO,CCCCC/C=C/COC(NC1=CC=C(C)C=C1)=O,69,67.0567627
A1-C45,W1321,CC1=CC=C(C(O2)=NOC2=O)C=C1,OCC#CC,CC#CCOC(NC1=CC=C(C)C=C1)=O,71,65.16461945
A1-C46,W1322,CC1=CC=C(C(O2)=NOC2=O)C=C1,ICCCO,ICCCOC(NC1=CC=C(C)C=C1)=O,59,60.78488922
A1-C47,W1323,CC1=CC=C(C(O2)=NOC2=O)C=C1,OCCCCCCCBr,BrCCCCCCCOC(NC1=CC=C(C)C=C1)=O,54,66.21466827
A1-C48,W1324,CC1=CC=C(C(O2)=NOC2=O)C=C1,CCCCCO,CCCCCOC(NC1=CC=C(C)C=C1)=O,67,60.23490906
A24-C1,W1325,ClC1=CC=C(CC(O2)=NOC2=O)C=C1,OCC1=CC=CC=C1,O=C(NCC1=CC=C(Cl)C=C1)OCC2=CC=CC=C2,56,63.2437973
A24-C2,W1326,ClC1=CC=C(CC(O2)=NOC2=O)C=C1,CC1=CC=C(CO)C=C1,CC1=CC=C(COC(NCC2=CC=C(Cl)C=C2)=O)C=C1,67,62.5200882
A24-C3,W1327,ClC1=CC=C(CC(O2)=NOC2=O)C=C1,ClC1=CC=C(CO)C=C1,ClC1=CC=C(COC(NCC2=CC=C(Cl)C=C2)=O)C=C1,62,65.79412842
A24-C4,W1328,ClC1=CC=C(CC(O2)=NOC2=O)C=C1,ClC1=CC(CO)=CC=C1,ClC1=CC(COC(NCC2=CC=C(Cl)C=C2)=O)=CC=C1,56,66.63314056
A24-C5,W1329,ClC1=CC=C(CC(O2)=NOC2=O)C=C1,OCC1=CC=CC(Br)=C1,BrC1=CC(COC(NCC2=CC=C(Cl)C=C2)=O)=CC=C1,53,63.37546539
A24-C6,W1330,ClC1=CC=C(CC(O2)=NOC2=O)C=C1,OCC1=CC=CC=C1Cl,ClC1=CC=CC=C1COC(NCC2=CC=C(Cl)C=C2)=O,55,65.22727203
A24-C7,W1331,ClC1=CC=C(CC(O2)=NOC2=O)C=C1,OCC1=CC=CC=C1I,IC1=CC=CC=C1COC(NCC2=CC=C(Cl)C=C2)=O,60,66.77909088
A24-C8,W1332,ClC1=CC=C(CC(O2)=NOC2=O)C=C1,OCC1=CC(Cl)=CC(Cl)=C1,ClC1=CC(COC(NCC2=CC=C(Cl)C=C2)=O)=CC(Cl)=C1,59,66.40415955
A24-C9,W1333,ClC1=CC=C(CC(O2)=NOC2=O)C=C1,OCC1=CC(C(F)(F)F)=CC(C(F)(F)F)=C1,O=C(OCC1=CC(C(F)(F)F)=CC(C(F)(F)F)=C1)NCC2=CC=C(Cl)C=C2,44,46.92347336
A24-C10,W1334,ClC1=CC=C(CC(O2)=NOC2=O)C=C1,COC1=CC=C(Br)C=C1CO,COC1=CC=C(Br)C=C1COC(NCC2=CC=C(Cl)C=C2)=O,50,59.22482681
A24-C11,W1335,ClC1=CC=C(CC(O2)=NOC2=O)C=C1,OCC1=CC(F)=CC=C1Br,BrC1=CC=C(F)C=C1COC(NCC2=CC=C(Cl)C=C2)=O,54,67.17375183
A24-C12,W1336,ClC1=CC=C(CC(O2)=NOC2=O)C=C1,OCC1=C([N+]([O-])=O)C=C(OC)C(OC)=C1,COC1=CC([N+]([O-])=O)=C(COC(NCC2=CC=C(Cl)C=C2)=O)C=C1OC,35,36.87937164
A24-C13,W1337,ClC1=CC=C(CC(O2)=NOC2=O)C=C1,OCC1=C(F)C(F)=C(F)C(F)=C1F,FC1=C(COC(NCC2=CC=C(Cl)C=C2)=O)C(F)=C(F)C(F)=C1F,43,42.423069
A24-C14,W1338,ClC1=CC=C(CC(O2)=NOC2=O)C=C1,OCC1=CC(OC2=CC=CC=C2)=CC=C1,O=C(NCC1=CC=C(Cl)C=C1)OCC2=CC(OC3=CC=CC=C3)=CC=C2,44,53.00513458
A24-C15,W1339,ClC1=CC=C(CC(O2)=NOC2=O)C=C1,OCC1=CC=C(B2OC(C)(C)C(C)(C)O2)C=C1,CC1(C)C(C)(C)OB(O1)C2=CC=C(COC(NCC3=CC=C(Cl)C=C3)=O)C=C2,45,44.74052811
A24-C16,W1340,ClC1=CC=C(CC(O2)=NOC2=O)C=C1,OCC1=CC=C(N2C(C)=NC=C2)C=C1,CC1=NC=CN1C2=CC=C(COC(NCC3=CC=C(Cl)C=C3)=O)C=C2,33,44.11901093
A24-C17,W1341,ClC1=CC=C(CC(O2)=NOC2=O)C=C1,OCC1=CC=CC=C1N2C=NC=C2,O=C(OCC1=CC=CC=C1N2C=NC=C2)NCC3=CC=C(Cl)C=C3,27,38.77810287
A24-C18,W1342,ClC1=CC=C(CC(O2)=NOC2=O)C=C1,OCC1=C2C(C=CC=C2)=CC3=CC=CC=C31,O=C(OCC1=C2C(C=CC=C2)=CC3=CC=CC=C31)NCC4=CC=C(Cl)C=C4,35,43.84211349
A24-C19,W1343,ClC1=CC=C(CC(O2)=NOC2=O)C=C1,CC(O)C1=CC=CC=C1,CC(OC(NCC1=CC=C(Cl)C=C1)=O)C2=CC=CC=C2,66,64.79195404
A24-C20,W1344,ClC1=CC=C(CC(O2)=NOC2=O)C=C1,OC(C)C1=C(C=CC=C2)C2=CC=C1,CC(OC(NCC1=CC=C(Cl)C=C1)=O)C2=C(C=CC=C3)C3=CC=C2,38,43.4940834
A24-C21,W1345,ClC1=CC=C(CC(O2)=NOC2=O)C=C1,OC(C1=CC=CC=C1)C2=CC=CC=C2,O=C(NCC1=CC=C(Cl)C=C1)OC(C2=CC=CC=C2)C3=CC=CC=C3,44,42.53644943
A24-C22,W1346,ClC1=CC=C(CC(O2)=NOC2=O)C=C1,OC(C1=CC=C(OC)C=C1)C2=CC=C(OC)C=C2,COC(C=C1)=CC=C1C(OC(NCC2=CC=C(Cl)C=C2)=O)C3=CC=C(OC)C=C3,37,44.90438461
A24-C23,W1347,ClC1=CC=C(CC(O2)=NOC2=O)C=C1,CC(O)(C)C1=CC=CC=C1,CC(OC(NCC1=CC=C(Cl)C=C1)=O)(C)C2=CC=CC=C2,45,45.57720184
A24-C24,W1348,ClC1=CC=C(CC(O2)=NOC2=O)C=C1,OCCC1=CC=CC=C1,O=C(NCC1=CC=C(Cl)C=C1)OCCC2=CC=CC=C2,55,63.36697388
A24-C25,W1349,ClC1=CC=C(CC(O2)=NOC2=O)C=C1,CC(C)(C)C1=CC=C(CCO)C=C1,CC(C)(C)C1=CC=C(CCOC(NCC2=CC=C(Cl)C=C2)=O)C=C1,43,34.2588768
A24-C26,W1350,ClC1=CC=C(CC(O2)=NOC2=O)C=C1,COC1=CC=C(CCO)C=C1,COC1=CC=C(CCOC(NCC2=CC=C(Cl)C=C2)=O)C=C1,46,42.43778992
A24-C27,W1351,ClC1=CC=C(CC(O2)=NOC2=O)C=C1,FC1=CC=C(CCO)C=C1,FC1=CC=C(CCOC(NCC2=CC=C(Cl)C=C2)=O)C=C1,62,66.0786972
A24-C28,W1352,ClC1=CC=C(CC(O2)=NOC2=O)C=C1,BrC1=CC=C(CCO)C=C1,BrC1=CC=C(CCOC(NCC2=CC=C(Cl)C=C2)=O)C=C1,50,63.60429382
A24-C29,W1353,ClC1=CC=C(CC(O2)=NOC2=O)C=C1,OCCC1=CC=CC(Br)=C1,BrC1=CC(CCOC(NCC2=CC=C(Cl)C=C2)=O)=CC=C1,59,64.81889343
A24-C30,W1354,ClC1=CC=C(CC(O2)=NOC2=O)C=C1,OCCC1=CC=C([N+]([O-])=O)C=C1,O=C(OCCC1=CC=C([N+]([O-])=O)C=C1)NCC2=CC=C(Cl)C=C2,36,30.21485901
A24-C31,W1355,ClC1=CC=C(CC(O2)=NOC2=O)C=C1,OCCC1=C(C=CC=C2)C2=CC=C1,O=C(OCCC1=C(C=CC=C2)C2=CC=C1)NCC3=CC=C(Cl)C=C3,39,40.74394608
A24-C32,W1356,ClC1=CC=C(CC(O2)=NOC2=O)C=C1,OCCC1=CC=CS1,O=C(NCC1=CC=C(Cl)C=C1)OCCC2=CC=CS2,55,61.10984421
A24-C33,W1357,ClC1=CC=C(CC(O2)=NOC2=O)C=C1,OCCC1=CC=CC=N1,O=C(NCC1=CC=C(Cl)C=C1)OCCC2=CC=CC=N2,53,62.37030792
A24-C34,W1358,ClC1=CC=C(CC(O2)=NOC2=O)C=C1,OCCCC1=C(Br)C=CC=C1,BrC1=C(CCCOC(NCC2=CC=C(Cl)C=C2)=O)C=CC=C1,42,44.33447647
A24-C35,W1359,ClC1=CC=C(CC(O2)=NOC2=O)C=C1,OCC(C)C1=CC=CC=C1,CC(COC(NCC1=CC=CC=C1)=O)C2=CC=C(Cl)C=C2,39,35.08143234
A24-C36,W1360,ClC1=CC=C(CC(O2)=NOC2=O)C=C1,OCC#CC1=CC=CC=C1,O=C(NCC1=CC=C(Cl)C=C1)OCC#CC2=CC=CC=C2,68,63.85513687
A24-C37,W1361,ClC1=CC=C(CC(O2)=NOC2=O)C=C1,OCCOC1=CC=CC=C1,O=C(NCC1=CC=C(Cl)C=C1)OCCOC2=CC=CC=C2,59,62.73078156
A24-C38,W1362,ClC1=CC=C(CC(O2)=NOC2=O)C=C1,OC1CCCC1,O=C(NCC1=CC=C(Cl)C=C1)OC2CCCC2,60,63.7684021
A24-C39,W1363,ClC1=CC=C(CC(O2)=NOC2=O)C=C1,OCC1CCCCC1,O=C(NCC1=CC=C(Cl)C=C1)OCC2CCCCC2,46,49.45899963
A24-C40,W1364,ClC1=CC=C(CC(O2)=NOC2=O)C=C1,CN(CCO)CC1=CC=CC=C1,CN(CCOC(NCC1=CC=C(Cl)C=C1)=O)CC2=CC=CC=C2,33,33.33974838
A24-C41,W1365,ClC1=CC=C(CC(O2)=NOC2=O)C=C1,C=CCCO,C=CCCOC(NCC1=CC=C(Cl)C=C1)=O,50,56.10168076
A24-C42,W1366,ClC1=CC=C(CC(O2)=NOC2=O)C=C1,OC(C=C)(CC/C=C(C)/C)C,CC(C=C)(CC/C=C(C)/C)OC(NCC1=CC=C(Cl)C=C1)=O,33,44.97185516
A24-C43,W1367,ClC1=CC=C(CC(O2)=NOC2=O)C=C1,OC/C=C(C)/CC/C=C(C)/C,C/C(CC/C=C(C)/C)=C\COC(NCC1=CC=C(Cl)C=C1)=O,58,44.40596771
A24-C44,W1368,ClC1=CC=C(CC(O2)=NOC2=O)C=C1,CCCCC/C=C/CO,CCCCC/C=C/COC(NCC1=CC=C(Cl)C=C1)=O,49,59.61210251
A24-C45,W1369,ClC1=CC=C(CC(O2)=NOC2=O)C=C1,OCC#CC,CC#CCOC(NCC1=CC=C(Cl)C=C1)=O,52,57.18348694
A24-C46,W1370,ClC1=CC=C(CC(O2)=NOC2=O)C=C1,ICCCO,ICCCOC(NCC1=CC=C(Cl)C=C1)=O,50,52.65972519
A24-C47,W1371,ClC1=CC=C(CC(O2)=NOC2=O)C=C1,OCCCCCCCBr,BrCCCCCCCOC(NCC1=CC=C(Cl)C=C1)=O,44,56.68994522
A24-C48,W1372,ClC1=CC=C(CC(O2)=NOC2=O)C=C1,CCCCCO,CCCCCOC(NCC1=CC=C(Cl)C=C1)=O,45,54.58202744
