Yield,Amine_SMILES,Bromide_SMILES,Catalysts_SMILES,Base_SMILES,Solvent_SMILES
22,NCC1CCCCC1,Brc1cnc(N2CCCCC2)nc1,[P](C1CCCCC1)(C2CCCCC2)C3=CC4=C(C=CC=C4)N3C5=CC=CC=C5,[Na+].[O-]C(C)(C)C,CCC(C)(C)O
11,NCC1CCCCC1,Brc1cnc(N2CCCCC2)nc1,[P](C1=CC=CC=C1)(C2=CC=CC=C2)C3=CC=CC=C3C4=CC=CC=C4N(C)C,[Na+].[O-]C(C)(C)C,CCC(C)(C)O
3,NCC1CCCCC1,Brc1cnc(N2CCCCC2)nc1,[P](C1CCCCC1)(C2CCCCC2)C3=CC=CC=C3C4=C(OC(C)C)C=CC=C4OC(C)C,[Na+].[O-]C(C)(C)C,CCC(C)(C)O
3,NCC1CCCCC1,Brc1cnc(N2CCCCC2)nc1,[P](C1CCCCC1)(C2CCCCC2)C3=CC=CC=C3C4=C(OC)C=CC=C4OC,[Na+].[O-]C(C)(C)C,CCC(C)(C)O
1,NCC1CCCCC1,Brc1cnc(N2CCCCC2)nc1,[P](C1CCCCC1)(C2CCCCC2)C3=CC=CC=C3C4=C(C(C)C)C=C(C(C)C)C=C4C(C)C,[Na+].[O-]C(C)(C)C,CCC(C)(C)O
1,NCC1CCCCC1,Brc1cnc(N2CCCCC2)nc1,[P](C1=CC(C(F)(F)F)=CC(C(F)(F)F)=C1)(C2=CC(C(F)(F)F)=CC(C(F)(F)F)=C2)C3=C(OC)C=CC(OC)=C3C4=C(N(C)C)C=CC=C4N(C)C,[Na+].[O-]C(C)(C)C,CCC(C)(C)O
85,NCC1CCCCC1,Brc1cnc(N2CCCCC2)nc1,[P](C(C)(C)C)(C(C)(C)C)C1=C(OC)C=CC(C)=C1C2=C(C(C)C)C=C(C(C)C)C=C2C(C)C,[Na+].[O-]C(C)(C)C,CCC(C)(C)O
96,NCC1CCCCC1,Brc1cnc(N2CCCCC2)nc1,[P]([C@@]12C[C@@H]3C[C@H](C2)C[C@H](C1)C3)([C@@]4(C[C@H](C5)C6)C[C@H]6C[C@H]5C4)C7=C(OC)C=CC(OC)=C7C8=C(C(C)C)C=C(C(C)C)C=C8C(C)C,[Na+].[O-]C(C)(C)C,O1CCOCC1
78,NCC1CCCCC1,Brc1cnc(N2CCCCC2)nc1,[P](C(C)(C)C)(C(C)(C)C)C1=C(C)C(C)=C(C)C(C)=C1C2=C(C(C)C)C=C(C(C)C)C=C2C(C)C,[Na+].[O-]C(C)(C)C,CCC(C)(C)O
98,NCC1CCCCC1,Brc1cnc(N2CCCCC2)nc1,[P](C(C)(C)C)(C(C)(C)C)C1=C(C)C(C)=C(C)C(C)=C1C2=C(C(C)C)C=C(C(C)C)C=C2C(C)C,[Na+].[O-]C(C)(C)C,Cc1ccccc1
0,NCC1CCCCC1,Brc1cc2nccnc2cc1,CC(C)(C)[P](C(C)(C)C)C1=CC=CC=C1C2=CC=CC=C2,C(=O)([O-])[O-].[K+].[K+],O1CCOCC1
71,NCC1CCCCC1,Brc1cc2nccnc2cc1,[P](C1CCCCC1)(C2CCCCC2)C3=CC=CN3C4=CC=CC=C4OC,[Na+].[O-]C(C)(C)C,Cc1ccccc1
76,NCC1CCCCC1,Brc1cc2nccnc2cc1,[P](C1CCCCC1)(C2CCCCC2)C3=CC=CC=C3C4=C(N(C)C)C=CC=C4N(C)C,[Na+].[O-]C(C)(C)C,O1CCOCC1
4,NCC1CCCCC1,Brc1cc2nccnc2cc1,[P](C1=CC(C(F)(F)F)=CC(C(F)(F)F)=C1)(C2=CC(C(F)(F)F)=CC(C(F)(F)F)=C2)C3=C(OC)C=CC(OC)=C3C4=C(C(C)C)C=C(C(C)C)C=C4C(C)C,[Na+].[O-]C(C)(C)C,O1CCOCC1
0,NCC1CCCCC1,Brc1cc2nccnc2cc1,[P](C1CCCCC1)(C2CCCCC2)C3=CC=CC=C3C4=C(OC(C)C)C=CC=C4OC(C)C,C(=O)([O-])[O-].[K+].[K+],Cc1ccccc1
22,NCC1CCCCC1,Brc1cc2nccnc2cc1,[P](C1CCCCC1)(C2CCCCC2)C3=CC=CC=C3C4=C(C(C)C)C=C(C(C)C)C=C4C(C)C,[Na+].[O-]C(C)(C)C,O1CCOCC1
9,NCC1CCCCC1,Brc1cc2nccnc2cc1,[P](C1=CC(C(F)(F)F)=CC(C(F)(F)F)=C1)(C2=CC(C(F)(F)F)=CC(C(F)(F)F)=C2)C3=C(OC)C=CC(OC)=C3C4=C(N(C)C)C=CC=C4N(C)C,[Na+].[O-]C(C)(C)C,O1CCOCC1
0,NCC1CCCCC1,Brc1cc2nccnc2cc1,[P](C1=CC=CC=C1)(C2=CC=CC=C2)C3=CC=CC=C3C4=C(OC)C=CC=C4OC,C(=O)([O-])[O-].[K+].[K+],CCC(C)(C)O
100,NCC1CCCCC1,Brc1cc2nccnc2cc1,[P]([C@@]12C[C@@H]3C[C@H](C2)C[C@H](C1)C3)([C@@]4(C[C@H](C5)C6)C[C@H]6C[C@H]5C4)C7=C(OC)C=CC(OC)=C7C8=C(C(C)C)C=C(C(C)C)C=C8C(C)C,[Na+].[O-]C(C)(C)C,O1CCOCC1
0,NCC1CCCCC1,Brc1cc2nccnc2cc1,[P](C(C)(C)C)(C(C)(C)C)C1=C(C)C(C)=C(C)C(C)=C1C2=C(C(C)C)C=C(C(C)C)C=C2C(C)C,N\2=C1\N(CCCCC1)CCC/2,O1CCOCC1
83,NCC1CCCCC1,Brc1cc2nccnc2cc1,[P](C(C)(C)C)(C(C)(C)C)C1=C(C)C(C)=C(C)C(C)=C1C2=C(C(C)C)C=C(C(C)C)C=C2C(C)C,[Na+].[O-]C(C)(C)C,CCC(C)(C)O
7,NCC1CCCCC1,Brc1cc(C(F)(F)F)cc(C(F)(F)F)c1,[P](C1CCCCC1)(C2CCCCC2)C3=CC=CN3C4=CC=CC=C4,C(=O)([O-])[O-].[K+].[K+],Cc1ccccc1
13,NCC1CCCCC1,Brc1cc(C(F)(F)F)cc(C(F)(F)F)c1,[P](C1CCCCC1)(C2CCCCC2)C3=CC4=C(C=CC=C4)N3C5=CC=CC=C5,C(=O)([O-])[O-].[K+].[K+],CCC(C)(C)O
72,NCC1CCCCC1,Brc1cc(C(F)(F)F)cc(C(F)(F)F)c1,[P](C1CCCCC1)(C2CCCCC2)C3=CC4=C(C=CC=C4)N3C5=CC=CC=C5,[Na+].[O-]C(C)(C)C,CCC(C)(C)O
7,NCC1CCCCC1,Brc1cc(C(F)(F)F)cc(C(F)(F)F)c1,[P](C1CCCCC1)(C2CCCCC2)C3=CC=CC=C3C4=CC=CC=C4,C(=O)([O-])[O-].[K+].[K+],Cc1ccccc1
21,NCC1CCCCC1,Brc1cc(C(F)(F)F)cc(C(F)(F)F)c1,[P](C1CCCCC1)(C2CCCCC2)C3=CC=CC=C3C4=C(C(C)C)C=C(C(C)C)C=C4C(C)C,[Na+].[O-]C(C)(C)C,CCC(C)(C)O
14,NCC1CCCCC1,Brc1cc(C(F)(F)F)cc(C(F)(F)F)c1,[P](C1=CC(C(F)(F)F)=CC(C(F)(F)F)=C1)(C2=CC(C(F)(F)F)=CC(C(F)(F)F)=C2)C3=C(OC)C=CC(OC)=C3C4=C(N(C)C)C=CC=C4N(C)C,[Na+].[O-]C(C)(C)C,CCC(C)(C)O
17,NCC1CCCCC1,Brc1cc(C(F)(F)F)cc(C(F)(F)F)c1,[P](C1=CC=CC=C1)(C2=CC=CC=C2)C3=CC=CC=C3C4=C(OC)C=CC=C4OC,[Na+].[O-]C(C)(C)C,Cc1ccccc1
97,NCC1CCCCC1,Brc1cc(C(F)(F)F)cc(C(F)(F)F)c1,[P](C(C)(C)C)(C(C)(C)C)C1=C(OC)C=CC(C)=C1C2=C(C(C)C)C=C(C(C)C)C=C2C(C)C,[Na+].[O-]C(C)(C)C,Cc1ccccc1
100,NCC1CCCCC1,Brc1cc(C(F)(F)F)cc(C(F)(F)F)c1,[P]([C@@]12C[C@@H]3C[C@H](C2)C[C@H](C1)C3)([C@@]4(C[C@H](C5)C6)C[C@H]6C[C@H]5C4)C7=C(OC)C=CC(OC)=C7C8=C(C(C)C)C=C(C(C)C)C=C8C(C)C,[Na+].[O-]C(C)(C)C,O1CCOCC1
92,NCC1CCCCC1,Brc1cc(C(F)(F)F)cc(C(F)(F)F)c1,[P]([C@@]12C[C@@H]3C[C@H](C2)C[C@H](C1)C3)([C@@]4(C[C@H](C5)C6)C[C@H]6C[C@H]5C4)C7=C(OC)C=CC(OC)=C7C8=C(C(C)C)C=C(C(C)C)C=C8C(C)C,[Na+].[O-]C(C)(C)C,Cc1ccccc1
99,NCC1CCCCC1,Brc1cc(C(F)(F)F)cc(C(F)(F)F)c1,[P](C(C)(C)C)(C(C)(C)C)C1=C(C)C(C)=C(C)C(C)=C1C2=C(C(C)C)C=C(C(C)C)C=C2C(C)C,[Na+].[O-]C(C)(C)C,O1CCOCC1
3,NC(=O)CCC,Brc1c(C(F)(F)F)cccc1,CC(C)(C)[P](C(C)(C)C)C1=CC=CC=C1C2=CC=CC=C2,[Na+].[O-]C(C)(C)C,O1CCOCC1
17,NC(=O)CCC,Brc1c(C(F)(F)F)cccc1,[P]([C@@]12C[C@@H]3C[C@H](C2)C[C@H](C1)C3)([C@@]4(C[C@H](C5)C6)C[C@H]6C[C@H]5C4)C7=CC=NN7C8=C(C9=CC=CC=C9)N(C%10=CC=CC=C%10)N=C8C%11=CC=CC=C%11,C(=O)([O-])[O-].[K+].[K+],O1CCOCC1
25,NC(=O)CCC,Brc1c(C(F)(F)F)cccc1,[P]([C@@]12C[C@@H]3C[C@H](C2)C[C@H](C1)C3)([C@@]4(C[C@H](C5)C6)C[C@H]6C[C@H]5C4)C7=CC=NN7C8=C(C9=CC=CC=C9)N(C%10=CC=CC=C%10)N=C8C%11=CC=CC=C%11,C(=O)([O-])[O-].[K+].[K+],CCC(C)(C)O
2,NC(=O)CCC,Brc1c(C(F)(F)F)cccc1,[P](C1CCCCC1)(C2CCCCC2)C3=CC=CN3C4=CC=CC=C4,[Na+].[O-]C(C)(C)C,CCC(C)(C)O
3,NC(=O)CCC,Brc1c(C(F)(F)F)cccc1,[P](C1CCCCC1)(C2CCCCC2)C3=CC4=C(C=CC=C4)N3C5=CC=CC=C5,C(=O)([O-])[O-].[K+].[K+],Cc1ccccc1
2,NC(=O)CCC,Brc1c(C(F)(F)F)cccc1,[P](C1CCCCC1)(C2CCCCC2)C3=CC=CN3C4=CC=CC=C4OC,[Na+].[O-]C(C)(C)C,O1CCOCC1
6,NC(=O)CCC,Brc1c(C(F)(F)F)cccc1,[P]([C@@]12C[C@@H]3C[C@H](C2)C[C@H](C1)C3)([C@@]4(C[C@H](C5)C6)C[C@H]6C[C@H]5C4)C7=C(OC)C=CC=C7C8=C(C(C)C)C=C(C(C)C)C(C9=C(F)C(F)=C(CCCC)C(F)=C9F)=C8C(C)C,C(=O)([O-])[O-].[K+].[K+],CCC(C)(C)O
85,NC(=O)CCC,Brc1c(C(F)(F)F)cccc1,[P](C1CCCCC1)(C2CCCCC2)C3=C(OC)C=CC(OC)=C3C4=C(C(C)C)C=C(C(C)C)C=C4C(C)C,C(=O)([O-])[O-].[K+].[K+],O1CCOCC1
26,NC(=O)CCC,Brc1c(C(F)(F)F)cccc1,[P](C1CCCCC1)(C2CCCCC2)C3=C(OC)C=CC(OC)=C3C4=C(C(C)C)C=C(C(C)C)C=C4C(C)C,[Na+].[O-]C(C)(C)C,O1CCOCC1
2,NC(=O)CCC,Brc1c(C(F)(F)F)cccc1,[P](C1CCCCC1)(C2CCCCC2)C3=C(OC)C=CC(OC)=C3C4=C(C(C)C)C=C(C(C)C)C=C4C(C)C,N\2=C1\N(CCCCC1)CCC/2,O1CCOCC1
83,NC(=O)CCC,Brc1c(C(F)(F)F)cccc1,[P](C1CCCCC1)(C2CCCCC2)C3=C(OC)C=CC(OC)=C3C4=C(C(C)C)C=C(C(C)C)C=C4C(C)C,C(=O)([O-])[O-].[K+].[K+],CCC(C)(C)O
89,NC(=O)CCC,Brc1c(C(F)(F)F)cccc1,[P](C1CCCCC1)(C2CCCCC2)C3=C(OC)C=CC(OC)=C3C4=C(C(C)C)C=C(C(C)C)C=C4C(C)C,C(=O)([O-])[O-].[K+].[K+],Cc1ccccc1
23,NC(=O)CCC,Brc1c(C(F)(F)F)cccc1,[P](C1CCCCC1)(C2CCCCC2)C3=CC=CC=C3C4=C(N(C)C)C=CC=C4N(C)C,C(=O)([O-])[O-].[K+].[K+],CCC(C)(C)O
1,NC(=O)CCC,Brc1c(C(F)(F)F)cccc1,[P](C1CCCCC1)(C2CCCCC2)C3=CC=CC=C3C4=CC=CC=C4,[Na+].[O-]C(C)(C)C,O1CCOCC1
5,NC(=O)CCC,Brc1c(C(F)(F)F)cccc1,[P](C1=CC(C(F)(F)F)=CC(C(F)(F)F)=C1)(C2=CC(C(F)(F)F)=CC(C(F)(F)F)=C2)C3=C(OC)C=CC(OC)=C3C4=C(C(C)C)C=C(C(C)C)C=C4C(C)C,[Na+].[O-]C(C)(C)C,Cc1ccccc1
2,NC(=O)CCC,Brc1c(C(F)(F)F)cccc1,[P](C1=CC=CC=C1)(C2=CC=CC=C2)C3=CC=CC=C3C4=CC=CC=C4N(C)C,[Na+].[O-]C(C)(C)C,O1CCOCC1
6,NC(=O)CCC,Brc1c(C(F)(F)F)cccc1,[P](C1=CC=CC=C1)(C2=CC=CC=C2)C3=CC=CC=C3C4=CC=CC=C4N(C)C,C(=O)([O-])[O-].[K+].[K+],CCC(C)(C)O
5,NC(=O)CCC,Brc1c(C(F)(F)F)cccc1,[P](C1CCCCC1)(C2CCCCC2)C3=CC=CC=C3C4=C(OC(C)C)C=CC=C4OC(C)C,C(=O)([O-])[O-].[K+].[K+],CCC(C)(C)O
0,NC(=O)CCC,Brc1c(C(F)(F)F)cccc1,[P](C1CCCCC1)(C2CCCCC2)C3=CC=CC=C3C4=C(C(C)C)C=C(C(C)C)C=C4C(C)C,[Na+].[O-]C(C)(C)C,Cc1ccccc1
5,NC(=O)CCC,Brc1c(C(F)(F)F)cccc1,[P](C1=CC(C(F)(F)F)=CC(C(F)(F)F)=C1)(C2=CC(C(F)(F)F)=CC(C(F)(F)F)=C2)C3=C(OC)C=CC(OC)=C3C4=C(N(C)C)C=CC=C4N(C)C,[Na+].[O-]C(C)(C)C,Cc1ccccc1
2,NC(=O)CCC,Brc1c(C(F)(F)F)cccc1,[P](C1=CC=CC=C1)(C2=CC=CC=C2)C3=CC=CC=C3C4=C(OC)C=CC=C4OC,[Na+].[O-]C(C)(C)C,O1CCOCC1
17,NC(=O)CCC,Brc1c(C(F)(F)F)cccc1,[P](C(C)(C)C)(C(C)(C)C)C1=C(OC)C=CC(C)=C1C2=C(C(C)C)C=C(C(C)C)C=C2C(C)C,C(=O)([O-])[O-].[K+].[K+],CCC(C)(C)O
10,NC(=O)CCC,Brc1c(C(F)(F)F)cccc1,[P]([C@@]12C[C@@H]3C[C@H](C2)C[C@H](C1)C3)([C@@]4(C[C@H](C5)C6)C[C@H]6C[C@H]5C4)C7=C(OC)C=CC(OC)=C7C8=C(C(C)C)C=C(C(C)C)C=C8C(C)C,C(=O)([O-])[O-].[K+].[K+],CCC(C)(C)O
2,NC(=O)CCC,Brc1c(C(F)(F)F)cccc1,[P](C(C)(C)C)(C(C)(C)C)C1=C(C)C(C)=C(C)C(C)=C1C2=C(C(C)C)C=C(C(C)C)C=C2C(C)C,C(=O)([O-])[O-].[K+].[K+],CCC(C)(C)O
2,C1(=O)NCCO1,c12c(cc(cc1)Br)sc(n2)C,[P](C1CCCCC1)(C2CCCCC2)C3=CC=CC=C3C4=CC=CC=C4,N\2=C1\N(CCCCC1)CCC/2,Cc1ccccc1
81,C1(=O)NCCO1,c12c(cc(cc1)Br)sc(n2)C,[P](C1=CC(C(F)(F)F)=CC(C(F)(F)F)=C1)(C2=CC(C(F)(F)F)=CC(C(F)(F)F)=C2)C3=C(OC)C=CC(OC)=C3C4=C(C(C)C)C=C(C(C)C)C=C4C(C)C,C(=O)([O-])[O-].[K+].[K+],O1CCOCC1
0,C1(=O)NCCO1,c12c(cc(cc1)Br)sc(n2)C,[P](C1CCCCC1)(C2CCCCC2)C3=CC=CC=C3C4=C(C(C)C)C=C(C(C)C)C=C4C(C)C,C(=O)([O-])[O-].[K+].[K+],CCC(C)(C)O
16,C1(=O)NCCO1,c12c(cc(cc1)Br)sc(n2)C,[P](C1=CC(C(F)(F)F)=CC(C(F)(F)F)=C1)(C2=CC(C(F)(F)F)=CC(C(F)(F)F)=C2)C3=C(OC)C=CC(OC)=C3C4=C(N(C)C)C=CC=C4N(C)C,C(=O)([O-])[O-].[K+].[K+],Cc1ccccc1
3,C1(=O)NCCO1,c12c(cc(cc1)Br)sc(n2)C,[P](C1=CC=CC=C1)(C2=CC=CC=C2)C3=CC=CC=C3C4=C(OC)C=CC=C4OC,C(=O)([O-])[O-].[K+].[K+],CCC(C)(C)O
99,C1(=O)NCCO1,c12c(cc(cc1)Br)sc(n2)C,[P](C(C)(C)C)(C(C)(C)C)C1=C(OC)C=CC(C)=C1C2=C(C(C)C)C=C(C(C)C)C=C2C(C)C,C(=O)([O-])[O-].[K+].[K+],CCC(C)(C)O
95,C1(=O)NCCO1,c12c(cc(cc1)Br)sc(n2)C,[P]([C@@]12C[C@@H]3C[C@H](C2)C[C@H](C1)C3)([C@@]4(C[C@H](C5)C6)C[C@H]6C[C@H]5C4)C7=C(OC)C=CC(OC)=C7C8=C(C(C)C)C=C(C(C)C)C=C8C(C)C,N\2=C1\N(CCCCC1)CCC/2,O1CCOCC1
99,C1(=O)NCCO1,c12c(cc(cc1)Br)sc(n2)C,[P]([C@@]12C[C@@H]3C[C@H](C2)C[C@H](C1)C3)([C@@]4(C[C@H](C5)C6)C[C@H]6C[C@H]5C4)C7=C(OC)C=CC(OC)=C7C8=C(C(C)C)C=C(C(C)C)C=C8C(C)C,C(=O)([O-])[O-].[K+].[K+],CCC(C)(C)O
99,C1(=O)NCCO1,c12c(cc(cc1)Br)sc(n2)C,[P](C(C)(C)C)(C(C)(C)C)C1=C(C)C(C)=C(C)C(C)=C1C2=C(C(C)C)C=C(C(C)C)C=C2C(C)C,C(=O)([O-])[O-].[K+].[K+],CCC(C)(C)O
29,C1CCCNCC1,c1cccc(c1CO[C@H]1CCCCO1)Br,[P](C1=CC(C(F)(F)F)=CC(C(F)(F)F)=C1)(C2=CC(C(F)(F)F)=CC(C(F)(F)F)=C2)C3=C(OC)C=CC(OC)=C3C4=C(C(C)C)C=C(C(C)C)C=C4C(C)C,[Na+].[O-]C(C)(C)C,CCC(C)(C)O
11,C1CCCNCC1,c1cccc(c1CO[C@H]1CCCCO1)Br,[P](C1CCCCC1)(C2CCCCC2)C3=CC=CC=C3C4=C(OC(C)C)C=CC=C4OC(C)C,[Na+].[O-]C(C)(C)C,CCC(C)(C)O
48,C1CCCNCC1,c1cccc(c1CO[C@H]1CCCCO1)Br,[P](C1=CC(C(F)(F)F)=CC(C(F)(F)F)=C1)(C2=CC(C(F)(F)F)=CC(C(F)(F)F)=C2)C3=C(OC)C=CC(OC)=C3C4=C(N(C)C)C=CC=C4N(C)C,[Na+].[O-]C(C)(C)C,CCC(C)(C)O
7,C1CCCNCC1,c1cccc(c1CO[C@H]1CCCCO1)Br,[P](C(C)(C)C)(C(C)(C)C)C1=C(OC)C=CC(C)=C1C2=C(C(C)C)C=C(C(C)C)C=C2C(C)C,C(=O)([O-])[O-].[K+].[K+],CCC(C)(C)O
5,C1CCCNCC1,c1cccc(c1CO[C@H]1CCCCO1)Br,[P](C(C)(C)C)(C(C)(C)C)C1=C(OC)C=CC(C)=C1C2=C(C(C)C)C=C(C(C)C)C=C2C(C)C,[Na+].[O-]C(C)(C)C,CCC(C)(C)O
0,C1CCCNCC1,c1cccc(c1CO[C@H]1CCCCO1)Br,[P]([C@@]12C[C@@H]3C[C@H](C2)C[C@H](C1)C3)([C@@]4(C[C@H](C5)C6)C[C@H]6C[C@H]5C4)C7=C(OC)C=CC(OC)=C7C8=C(C(C)C)C=C(C(C)C)C=C8C(C)C,C(=O)([O-])[O-].[K+].[K+],CCC(C)(C)O
5,C1CCCNCC1,c1cccc(c1CO[C@H]1CCCCO1)Br,[P]([C@@]12C[C@@H]3C[C@H](C2)C[C@H](C1)C3)([C@@]4(C[C@H](C5)C6)C[C@H]6C[C@H]5C4)C7=C(OC)C=CC(OC)=C7C8=C(C(C)C)C=C(C(C)C)C=C8C(C)C,[Na+].[O-]C(C)(C)C,CCC(C)(C)O
0,C1CCCNCC1,c1cccc(c1CO[C@H]1CCCCO1)Br,[P](C(C)(C)C)(C(C)(C)C)C1=C(C)C(C)=C(C)C(C)=C1C2=C(C(C)C)C=C(C(C)C)C=C2C(C)C,C(=O)([O-])[O-].[K+].[K+],CCC(C)(C)O
4,C1CCCNCC1,c1cccc(c1CO[C@H]1CCCCO1)Br,[P](C(C)(C)C)(C(C)(C)C)C1=C(C)C(C)=C(C)C(C)=C1C2=C(C(C)C)C=C(C(C)C)C=C2C(C)C,[Na+].[O-]C(C)(C)C,CCC(C)(C)O
93,C1CNCCC1,Brc1cnc(C)cc1,CC(C)(C)[P](C(C)(C)C)C1=CC=CC=C1C2=CC=CC=C2,[Na+].[O-]C(C)(C)C,O1CCOCC1
49,C1CNCCC1,Brc1cnc(C)cc1,[P]([C@@]12C[C@@H]3C[C@H](C2)C[C@H](C1)C3)([C@@]4(C[C@H](C5)C6)C[C@H]6C[C@H]5C4)C7=CC=NN7C8=C(C9=CC=CC=C9)N(C%10=CC=CC=C%10)N=C8C%11=CC=CC=C%11,[Na+].[O-]C(C)(C)C,CCC(C)(C)O
70,C1CNCCC1,Brc1cnc(C)cc1,[P](C1CCCCC1)(C2CCCCC2)C3=CC=CN3C4=CC=CC=C4,[Na+].[O-]C(C)(C)C,O1CCOCC1
67,C1CNCCC1,Brc1cnc(C)cc1,[P](C1CCCCC1)(C2CCCCC2)C3=CC4=C(C=CC=C4)N3C5=CC=CC=C5,[Na+].[O-]C(C)(C)C,Cc1ccccc1
82,C1CNCCC1,Brc1cnc(C)cc1,[P](C1CCCCC1)(C2CCCCC2)C3=CC=CN3C4=CC=CC=C4OC,[Na+].[O-]C(C)(C)C,O1CCOCC1
42,C1CNCCC1,Brc1cnc(C)cc1,[P]([C@@]12C[C@@H]3C[C@H](C2)C[C@H](C1)C3)([C@@]4(C[C@H](C5)C6)C[C@H]6C[C@H]5C4)C7=C(OC)C=CC=C7C8=C(C(C)C)C=C(C(C)C)C(C9=C(F)C(F)=C(CCCC)C(F)=C9F)=C8C(C)C,C(=O)([O-])[O-].[K+].[K+],CCC(C)(C)O
44,C1CNCCC1,Brc1cnc(C)cc1,[P](C1CCCCC1)(C2CCCCC2)C3=C(OC)C=CC(OC)=C3C4=C(C(C)C)C=C(C(C)C)C=C4C(C)C,[Na+].[O-]C(C)(C)C,Cc1ccccc1
20,C1CNCCC1,Brc1cnc(C)cc1,[P](C1CCCCC1)(C2CCCCC2)C3=CC=CC=C3C4=C(N(C)C)C=CC=C4N(C)C,C(=O)([O-])[O-].[K+].[K+],O1CCOCC1
68,C1CNCCC1,Brc1cnc(C)cc1,[P](C1CCCCC1)(C2CCCCC2)C3=CC=CC=C3C4=CC=CC=C4,[Na+].[O-]C(C)(C)C,O1CCOCC1
2,C1CNCCC1,Brc1cnc(C)cc1,[P](C1=CC(C(F)(F)F)=CC(C(F)(F)F)=C1)(C2=CC(C(F)(F)F)=CC(C(F)(F)F)=C2)C3=C(OC)C=CC(OC)=C3C4=C(C(C)C)C=C(C(C)C)C=C4C(C)C,C(=O)([O-])[O-].[K+].[K+],CCC(C)(C)O
60,C1CNCCC1,Brc1cnc(C)cc1,[P](C1=CC=CC=C1)(C2=CC=CC=C2)C3=CC=CC=C3C4=CC=CC=C4N(C)C,[Na+].[O-]C(C)(C)C,O1CCOCC1
91,C1CNCCC1,Brc1cnc(C)cc1,[P](C1CCCCC1)(C2CCCCC2)C3=CC=CC=C3C4=C(OC(C)C)C=CC=C4OC(C)C,[Na+].[O-]C(C)(C)C,O1CCOCC1
93,C1CNCCC1,Brc1cnc(C)cc1,[P](C1CCCCC1)(C2CCCCC2)C3=CC=CC=C3C4=C(OC(C)C)C=CC=C4OC(C)C,[Na+].[O-]C(C)(C)C,CCC(C)(C)O
13,C1CNCCC1,Brc1cnc(C)cc1,[P](C1CCCCC1)(C2CCCCC2)C3=CC=CC=C3C4=C(OC(C)C)C=CC=C4OC(C)C,C(=O)([O-])[O-].[K+].[K+],Cc1ccccc1
89,C1CNCCC1,Brc1cnc(C)cc1,[P](C1CCCCC1)(C2CCCCC2)C3=CC=CC=C3C4=C(OC(C)C)C=CC=C4OC(C)C,[Na+].[O-]C(C)(C)C,Cc1ccccc1
5,C1CNCCC1,Brc1cnc(C)cc1,[P](C1CCCCC1)(C2CCCCC2)C3=CC=CC=C3C4=C(OC(C)C)C=CC=C4OC(C)C,N\2=C1\N(CCCCC1)CCC/2,Cc1ccccc1
99,C1CNCCC1,Brc1cnc(C)cc1,[P](C1CCCCC1)(C2CCCCC2)C3=CC=CC=C3C4=C(OC)C=CC=C4OC,[Na+].[O-]C(C)(C)C,O1CCOCC1
45,C1CNCCC1,Brc1cnc(C)cc1,[P](C1CCCCC1)(C2CCCCC2)C3=CC=CC=C3C4=C(C(C)C)C=C(C(C)C)C=C4C(C)C,[Na+].[O-]C(C)(C)C,Cc1ccccc1
78,C1CNCCC1,Brc1cnc(C)cc1,[P](C1=CC(C(F)(F)F)=CC(C(F)(F)F)=C1)(C2=CC(C(F)(F)F)=CC(C(F)(F)F)=C2)C3=C(OC)C=CC(OC)=C3C4=C(N(C)C)C=CC=C4N(C)C,[Na+].[O-]C(C)(C)C,O1CCOCC1
71,C1CNCCC1,Brc1cnc(C)cc1,[P](CC)(CC)C1=CC=CC=C1C2=C(N(C)C)C=CC=C2N(C)C,[Na+].[O-]C(C)(C)C,O1CCOCC1
33,C1CNCCC1,Brc1cnc(C)cc1,[P](C1=CC=CC=C1)(C2=CC=CC=C2)C3=CC=CC=C3C4=C(OC)C=CC=C4OC,[Na+].[O-]C(C)(C)C,O1CCOCC1
37,C1CNCCC1,Brc1cnc(C)cc1,[P](C(C)(C)C)(C(C)(C)C)C1=C(OC)C=CC(C)=C1C2=C(C(C)C)C=C(C(C)C)C=C2C(C)C,[Na+].[O-]C(C)(C)C,CCC(C)(C)O
1,C1CNCCC1,Brc1cnc(C)cc1,[P]([C@@]12C[C@@H]3C[C@H](C2)C[C@H](C1)C3)([C@@]4(C[C@H](C5)C6)C[C@H]6C[C@H]5C4)C7=C(OC)C=CC(OC)=C7C8=C(C(C)C)C=C(C(C)C)C=C8C(C)C,C(=O)([O-])[O-].[K+].[K+],CCC(C)(C)O
40,C1CNCCC1,Brc1cnc(C)cc1,[P](C(C)(C)C)(C(C)(C)C)C1=C(C)C(C)=C(C)C(C)=C1C2=C(C(C)C)C=C(C(C)C)C=C2C(C)C,[Na+].[O-]C(C)(C)C,CCC(C)(C)O
0,c12cc[nH]c1cccc2,Brc1nccs1,[P]([C@@]12C[C@@H]3C[C@H](C2)C[C@H](C1)C3)([C@@]4(C[C@H](C5)C6)C[C@H]6C[C@H]5C4)C7=C(OC)C=CC=C7C8=C(C(C)C)C=C(C(C)C)C(C9=C(F)C(F)=C(CCCC)C(F)=C9F)=C8C(C)C,C(=O)([O-])[O-].[K+].[K+],CCC(C)(C)O
25,c12cc[nH]c1cccc2,Brc1nccs1,[P]([C@@]12C[C@@H]3C[C@H](C2)C[C@H](C1)C3)([C@@]4(C[C@H](C5)C6)C[C@H]6C[C@H]5C4)C7=C(OC)C=CC=C7C8=C(C(C)C)C=C(C(C)C)C(C9=C(F)C(F)=C(CCCC)C(F)=C9F)=C8C(C)C,[Na+].[O-]C(C)(C)C,CCC(C)(C)O
0,c12cc[nH]c1cccc2,Brc1nccs1,[P]([C@@]12C[C@@H]3C[C@H](C2)C[C@H](C1)C3)([C@@]4(C[C@H](C5)C6)C[C@H]6C[C@H]5C4)C7=C(OC)C=CC=C7C8=C(C(C)C)C=C(C(C)C)C(C9=C(F)C(F)=C(CCCC)C(F)=C9F)=C8C(C)C,C(=O)([O-])[O-].[K+].[K+],Cc1ccccc1
0,c12cc[nH]c1cccc2,Brc1nccs1,[P](C(C)(C)C)(C(C)(C)C)C1=C(OC)C=CC(C)=C1C2=C(C(C)C)C=C(C(C)C)C=C2C(C)C,C(=O)([O-])[O-].[K+].[K+],CCC(C)(C)O
0,c12cc[nH]c1cccc2,Brc1nccs1,[P](C(C)(C)C)(C(C)(C)C)C1=C(C)C(C)=C(C)C(C)=C1C2=C(C(C)C)C=C(C(C)C)C=C2C(C)C,C(=O)([O-])[O-].[K+].[K+],CCC(C)(C)O
86,Nc1c(C)cccc1C,Brc1ccc(Oc2ccccc2)cc1,CC(C)(C)[P](C(C)(C)C)C1=CC=CC=C1C2=CC=CC=C2,[Na+].[O-]C(C)(C)C,O1CCOCC1
34,Nc1c(C)cccc1C,Brc1ccc(Oc2ccccc2)cc1,[P]([C@@]12C[C@@H]3C[C@H](C2)C[C@H](C1)C3)([C@@]4(C[C@H](C5)C6)C[C@H]6C[C@H]5C4)C7=CC=NN7C8=C(C9=CC=CC=C9)N(C%10=CC=CC=C%10)N=C8C%11=CC=CC=C%11,C(=O)([O-])[O-].[K+].[K+],O1CCOCC1
5,Nc1c(C)cccc1C,Brc1ccc(Oc2ccccc2)cc1,[P](C1CCCCC1)(C2CCCCC2)C3=CC=CN3C4=CC=CC=C4,C(=O)([O-])[O-].[K+].[K+],O1CCOCC1
81,Nc1c(C)cccc1C,Brc1ccc(Oc2ccccc2)cc1,[P](C1CCCCC1)(C2CCCCC2)C3=CC4=C(C=CC=C4)N3C5=CC=CC=C5,[Na+].[O-]C(C)(C)C,O1CCOCC1
90,Nc1c(C)cccc1C,Brc1ccc(Oc2ccccc2)cc1,[P](C1CCCCC1)(C2CCCCC2)C3=CC=CN3C4=CC=CC=C4OC,[Na+].[O-]C(C)(C)C,O1CCOCC1
12,Nc1c(C)cccc1C,Brc1ccc(Oc2ccccc2)cc1,[P]([C@@]12C[C@@H]3C[C@H](C2)C[C@H](C1)C3)([C@@]4(C[C@H](C5)C6)C[C@H]6C[C@H]5C4)C7=C(OC)C=CC=C7C8=C(C(C)C)C=C(C(C)C)C(C9=C(F)C(F)=C(CCCC)C(F)=C9F)=C8C(C)C,[Na+].[O-]C(C)(C)C,CCC(C)(C)O
77,Nc1c(C)cccc1C,Brc1ccc(Oc2ccccc2)cc1,[P](C1CCCCC1)(C2CCCCC2)C3=C(OC)C=CC(OC)=C3C4=C(C(C)C)C=C(C(C)C)C=C4C(C)C,[Na+].[O-]C(C)(C)C,Cc1ccccc1
26,Nc1c(C)cccc1C,Brc1ccc(Oc2ccccc2)cc1,[P](C1CCCCC1)(C2CCCCC2)C3=CC=CC=C3C4=C(N(C)C)C=CC=C4N(C)C,C(=O)([O-])[O-].[K+].[K+],O1CCOCC1
81,Nc1c(C)cccc1C,Brc1ccc(Oc2ccccc2)cc1,[P](C1CCCCC1)(C2CCCCC2)C3=CC=CC=C3C4=C(N(C)C)C=CC=C4N(C)C,[Na+].[O-]C(C)(C)C,O1CCOCC1
2,Nc1c(C)cccc1C,Brc1ccc(Oc2ccccc2)cc1,[P](C1CCCCC1)(C2CCCCC2)C3=CC=CC=C3C4=CC=CC=C4,C(=O)([O-])[O-].[K+].[K+],CCC(C)(C)O
13,Nc1c(C)cccc1C,Brc1ccc(Oc2ccccc2)cc1,[P](C1=CC(C(F)(F)F)=CC(C(F)(F)F)=C1)(C2=CC(C(F)(F)F)=CC(C(F)(F)F)=C2)C3=C(OC)C=CC(OC)=C3C4=C(C(C)C)C=C(C(C)C)C=C4C(C)C,C(=O)([O-])[O-].[K+].[K+],Cc1ccccc1
82,Nc1c(C)cccc1C,Brc1ccc(Oc2ccccc2)cc1,[P](C1=CC=CC=C1)(C2=CC=CC=C2)C3=CC=CC=C3C4=CC=CC=C4N(C)C,[Na+].[O-]C(C)(C)C,O1CCOCC1
82,Nc1c(C)cccc1C,Brc1ccc(Oc2ccccc2)cc1,[P](C1CCCCC1)(C2CCCCC2)C3=CC=CC=C3C4=C(OC(C)C)C=CC=C4OC(C)C,[Na+].[O-]C(C)(C)C,O1CCOCC1
87,Nc1c(C)cccc1C,Brc1ccc(Oc2ccccc2)cc1,[P](C1CCCCC1)(C2CCCCC2)C3=CC=CC=C3C4=C(OC(C)C)C=CC=C4OC(C)C,[Na+].[O-]C(C)(C)C,CCC(C)(C)O
16,Nc1c(C)cccc1C,Brc1ccc(Oc2ccccc2)cc1,[P](C1CCCCC1)(C2CCCCC2)C3=CC=CC=C3C4=C(OC)C=CC=C4OC,C(=O)([O-])[O-].[K+].[K+],O1CCOCC1
80,Nc1c(C)cccc1C,Brc1ccc(Oc2ccccc2)cc1,[P](C1CCCCC1)(C2CCCCC2)C3=CC=CC=C3C4=C(OC)C=CC=C4OC,[Na+].[O-]C(C)(C)C,O1CCOCC1
1,Nc1c(C)cccc1C,Brc1ccc(Oc2ccccc2)cc1,[P](C1CCCCC1)(C2CCCCC2)C3=CC=CC=C3C4=C(OC)C=CC=C4OC,N\2=C1\N(CCCCC1)CCC/2,O1CCOCC1
87,Nc1c(C)cccc1C,Brc1ccc(Oc2ccccc2)cc1,[P](C1CCCCC1)(C2CCCCC2)C3=CC=CC=C3C4=C(OC)C=CC=C4OC,[Na+].[O-]C(C)(C)C,CCC(C)(C)O
89,Nc1c(C)cccc1C,Brc1ccc(Oc2ccccc2)cc1,[P](C1CCCCC1)(C2CCCCC2)C3=CC=CC=C3C4=C(OC)C=CC=C4OC,[Na+].[O-]C(C)(C)C,Cc1ccccc1
1,Nc1c(C)cccc1C,Brc1ccc(Oc2ccccc2)cc1,[P](C1CCCCC1)(C2CCCCC2)C3=CC=CC=C3C4=C(C(C)C)C=C(C(C)C)C=C4C(C)C,C(=O)([O-])[O-].[K+].[K+],Cc1ccccc1
37,Nc1c(C)cccc1C,Brc1ccc(Oc2ccccc2)cc1,[P](C1=CC(C(F)(F)F)=CC(C(F)(F)F)=C1)(C2=CC(C(F)(F)F)=CC(C(F)(F)F)=C2)C3=C(OC)C=CC(OC)=C3C4=C(N(C)C)C=CC=C4N(C)C,C(=O)([O-])[O-].[K+].[K+],O1CCOCC1
2,Nc1c(C)cccc1C,Brc1ccc(Oc2ccccc2)cc1,[P](C1=CC=CC=C1)(C2=CC=CC=C2)C3=CC=CC=C3C4=C(OC)C=CC=C4OC,C(=O)([O-])[O-].[K+].[K+],Cc1ccccc1
86,Nc1c(C)cccc1C,Brc1ccc(Oc2ccccc2)cc1,[P](C(C)(C)C)(C(C)(C)C)C1=C(OC)C=CC(C)=C1C2=C(C(C)C)C=C(C(C)C)C=C2C(C)C,C(=O)([O-])[O-].[K+].[K+],CCC(C)(C)O
19,Nc1c(C)cccc1C,Brc1ccc(Oc2ccccc2)cc1,[P](C(C)(C)C)(C(C)(C)C)C1=C(C)C(C)=C(C)C(C)=C1C2=C(C(C)C)C=C(C(C)C)C=C2C(C)C,[Na+].[O-]C(C)(C)C,Cc1ccccc1
79,COc1cc(C)c(c(C)c1)N,Brc1cc2ccccc2nc1,[P](C(C)(C)C)(C(C)(C)C)C1=C(OC)C=CC(C)=C1C2=C(C(C)C)C=C(C(C)C)C=C2C(C)C,C(=O)([O-])[O-].[K+].[K+],O1CCOCC1
2,COc1cc(C)c(c(C)c1)N,Brc1cc2ccccc2nc1,[P](C(C)(C)C)(C(C)(C)C)C1=C(C)C(C)=C(C)C(C)=C1C2=C(C(C)C)C=C(C(C)C)C=C2C(C)C,N\2=C1\N(CCCCC1)CCC/2,O1CCOCC1
55,COc1cc(C)c(c(C)c1)N,Brc1cc2ccccc2nc1,[P](C1CCCCC1)(C2CCCCC2)C3=CC4=C(C=CC=C4)N3C5=CC=CC=C5,[Na+].[O-]C(C)(C)C,O1CCOCC1
95,COc1cc(C)c(c(C)c1)N,Brc1cc2ccccc2nc1,[P](C1CCCCC1)(C2CCCCC2)C3=CC=CC=C3C4=C(OC)C=CC=C4OC,[Na+].[O-]C(C)(C)C,O1CCOCC1
76,COc1cc(C)c(c(C)c1)N,Brc1cc2ccccc2nc1,[P](C1CCCCC1)(C2CCCCC2)C3=CC=CN3C4=CC=CC=C4OC,[Na+].[O-]C(C)(C)C,O1CCOCC1
83,COc1cc(C)c(c(C)c1)N,Brc1cc2ccccc2nc1,[P](C1CCCCC1)(C2CCCCC2)C3=CC=CC=C3C4=C(OC(C)C)C=CC=C4OC(C)C,[Na+].[O-]C(C)(C)C,O1CCOCC1
78,COc1cc(C)c(c(C)c1)N,Brc1cc2ccccc2nc1,[P](C1CCCCC1)(C2CCCCC2)C3=CC=CN3C4=CC=CC=C4,[Na+].[O-]C(C)(C)C,O1CCOCC1
87,COc1cc(C)c(c(C)c1)N,Brc1cc2ccccc2nc1,[P](C(C)(C)C)(C(C)(C)C)C1=C(OC)C=CC(C)=C1C2=C(C(C)C)C=C(C(C)C)C=C2C(C)C,C(=O)([O-])[O-].[K+].[K+],CCC(C)(C)O
87,COc1cc(C)c(c(C)c1)N,Brc1cc2ccccc2nc1,[P](C1=CC=CC=C1)(C2=CC=CC=C2)C3=CC=CC=C3C4=CC=CC=C4N(C)C,C(=O)([O-])[O-].[K+].[K+],CCC(C)(C)O
88,COc1cc(C)c(c(C)c1)N,Brc1cc2ccccc2nc1,[P](C1CCCCC1)(C2CCCCC2)C3=C(OC)C=CC(OC)=C3C4=C(C(C)C)C=C(C(C)C)C=C4C(C)C,C(=O)([O-])[O-].[K+].[K+],CCC(C)(C)O
84,COc1cc(C)c(c(C)c1)N,Brc1cc2ccccc2nc1,[P]([C@@]12C[C@@H]3C[C@H](C2)C[C@H](C1)C3)([C@@]4(C[C@H](C5)C6)C[C@H]6C[C@H]5C4)C7=C(OC)C=CC(OC)=C7C8=C(C(C)C)C=C(C(C)C)C=C8C(C)C,C(=O)([O-])[O-].[K+].[K+],CCC(C)(C)O
66,COc1cc(C)c(c(C)c1)N,Brc1cc2ccccc2nc1,[P](C(C)(C)C)(C(C)(C)C)C1=C(OC)C=CC(C)=C1C2=C(C(C)C)C=C(C(C)C)C=C2C(C)C,[Na+].[O-]C(C)(C)C,CCC(C)(C)O
82,COc1cc(C)c(c(C)c1)N,Brc1cc2ccccc2nc1,[P]([C@@]12C[C@@H]3C[C@H](C2)C[C@H](C1)C3)([C@@]4(C[C@H](C5)C6)C[C@H]6C[C@H]5C4)C7=C(OC)C=CC=C7C8=C(C(C)C)C=C(C(C)C)C(C9=C(F)C(F)=C(CCCC)C(F)=C9F)=C8C(C)C,C(=O)([O-])[O-].[K+].[K+],CCC(C)(C)O
80,COc1cc(C)c(c(C)c1)N,Brc1cc2ccccc2nc1,[P](C(C)(C)C)(C(C)(C)C)C1=C(C)C(C)=C(C)C(C)=C1C2=C(C(C)C)C=C(C(C)C)C=C2C(C)C,C(=O)([O-])[O-].[K+].[K+],CCC(C)(C)O
10,COc1cc(C)c(c(C)c1)N,Brc1cc2ccccc2nc1,[P](C(C)(C)C)(C(C)(C)C)C1=C(OC)C=CC(C)=C1C2=C(C(C)C)C=C(C(C)C)C=C2C(C)C,N\2=C1\N(CCCCC1)CCC/2,CCC(C)(C)O
36,COc1cc(C)c(c(C)c1)N,Brc1cc2ccccc2nc1,[P](C1CCCCC1)(C2CCCCC2)C3=CC=CC=C3C4=CC=CC=C4,C(=O)([O-])[O-].[K+].[K+],Cc1ccccc1
86,COc1cc(C)c(c(C)c1)N,Brc1cc2ccccc2nc1,[P]([C@@]12C[C@@H]3C[C@H](C2)C[C@H](C1)C3)([C@@]4(C[C@H](C5)C6)C[C@H]6C[C@H]5C4)C7=CC=NN7C8=C(C9=CC=CC=C9)N(C%10=CC=CC=C%10)N=C8C%11=CC=CC=C%11,[Na+].[O-]C(C)(C)C,Cc1ccccc1
40,COc1cc(C)c(c(C)c1)N,Brc1cc2ccccc2nc1,[P](C1=CC=CC=C1)(C2=CC=CC=C2)C3=CC=CC=C3C4=C(OC)C=CC=C4OC,C(=O)([O-])[O-].[K+].[K+],Cc1ccccc1
38,COc1cc(C)c(c(C)c1)N,Brc1cc2ccccc2nc1,[P](C1=CC(C(F)(F)F)=CC(C(F)(F)F)=C1)(C2=CC(C(F)(F)F)=CC(C(F)(F)F)=C2)C3=C(OC)C=CC(OC)=C3C4=C(N(C)C)C=CC=C4N(C)C,C(=O)([O-])[O-].[K+].[K+],Cc1ccccc1
43,COc1cc(C)c(c(C)c1)N,Brc1cc2ccccc2nc1,[P](C1CCCCC1)(C2CCCCC2)C3=CC=CC=C3C4=C(C(C)C)C=C(C(C)C)C=C4C(C)C,[Na+].[O-]C(C)(C)C,Cc1ccccc1
93,COc1cc(C)c(c(C)c1)N,Brc1cc2ccccc2nc1,CC(C)(C)[P](C(C)(C)C)C1=CC=CC=C1C2=CC=CC=C2,[Na+].[O-]C(C)(C)C,Cc1ccccc1
44,COc1cc(C)c(c(C)c1)N,Brc1cc2ccccc2nc1,[P](C1=CC(C(F)(F)F)=CC(C(F)(F)F)=C1)(C2=CC(C(F)(F)F)=CC(C(F)(F)F)=C2)C3=C(OC)C=CC(OC)=C3C4=C(C(C)C)C=C(C(C)C)C=C4C(C)C,C(=O)([O-])[O-].[K+].[K+],Cc1ccccc1
44,COc1cc(C)c(c(C)c1)N,Brc1cc2ccccc2nc1,[P](C(C)(C)C)(C(C)(C)C)C1=C(C)C(C)=C(C)C(C)=C1C2=C(C(C)C)C=C(C(C)C)C=C2C(C)C,N\2=C1\N(CCCCC1)CCC/2,Cc1ccccc1
44,COc1cc(C)c(c(C)c1)N,Brc1cc2ccccc2nc1,[P](C(C)(C)C)(C(C)(C)C)C1=C(OC)C=CC(C)=C1C2=C(C(C)C)C=C(C(C)C)C=C2C(C)C,C(=O)([O-])[O-].[K+].[K+],Cc1ccccc1
72,COc1cc(C)c(c(C)c1)N,Brc1cc([N](=O)[O-])ccc1,CC(C)(C)[P](C(C)(C)C)C1=CC=CC=C1C2=CC=CC=C2,[Na+].[O-]C(C)(C)C,Cc1ccccc1
21,COc1cc(C)c(c(C)c1)N,Brc1cc([N](=O)[O-])ccc1,[P]([C@@]12C[C@@H]3C[C@H](C2)C[C@H](C1)C3)([C@@]4(C[C@H](C5)C6)C[C@H]6C[C@H]5C4)C7=CC=NN7C8=C(C9=CC=CC=C9)N(C%10=CC=CC=C%10)N=C8C%11=CC=CC=C%11,[Na+].[O-]C(C)(C)C,O1CCOCC1
16,COc1cc(C)c(c(C)c1)N,Brc1cc([N](=O)[O-])ccc1,[P](C1CCCCC1)(C2CCCCC2)C3=CC=CN3C4=CC=CC=C4,[Na+].[O-]C(C)(C)C,O1CCOCC1
18,COc1cc(C)c(c(C)c1)N,Brc1cc([N](=O)[O-])ccc1,[P](C1CCCCC1)(C2CCCCC2)C3=CC4=C(C=CC=C4)N3C5=CC=CC=C5,[Na+].[O-]C(C)(C)C,O1CCOCC1
30,COc1cc(C)c(c(C)c1)N,Brc1cc([N](=O)[O-])ccc1,[P](C1CCCCC1)(C2CCCCC2)C3=CC=CN3C4=CC=CC=C4OC,C(=O)([O-])[O-].[K+].[K+],O1CCOCC1
45,COc1cc(C)c(c(C)c1)N,Brc1cc([N](=O)[O-])ccc1,[P]([C@@]12C[C@@H]3C[C@H](C2)C[C@H](C1)C3)([C@@]4(C[C@H](C5)C6)C[C@H]6C[C@H]5C4)C7=C(OC)C=CC=C7C8=C(C(C)C)C=C(C(C)C)C(C9=C(F)C(F)=C(CCCC)C(F)=C9F)=C8C(C)C,C(=O)([O-])[O-].[K+].[K+],O1CCOCC1
100,COc1cc(C)c(c(C)c1)N,Brc1cc([N](=O)[O-])ccc1,[P](C1CCCCC1)(C2CCCCC2)C3=C(OC)C=CC(OC)=C3C4=C(C(C)C)C=C(C(C)C)C=C4C(C)C,C(=O)([O-])[O-].[K+].[K+],O1CCOCC1
95,COc1cc(C)c(c(C)c1)N,Brc1cc([N](=O)[O-])ccc1,[P](C1CCCCC1)(C2CCCCC2)C3=CC=CC=C3C4=C(N(C)C)C=CC=C4N(C)C,C(=O)([O-])[O-].[K+].[K+],O1CCOCC1
91,COc1cc(C)c(c(C)c1)N,Brc1cc([N](=O)[O-])ccc1,[P](C1CCCCC1)(C2CCCCC2)C3=CC=CC=C3C4=C(N(C)C)C=CC=C4N(C)C,C(=O)([O-])[O-].[K+].[K+],CCC(C)(C)O
65,COc1cc(C)c(c(C)c1)N,Brc1cc([N](=O)[O-])ccc1,[P](C1CCCCC1)(C2CCCCC2)C3=CC=CC=C3C4=C(N(C)C)C=CC=C4N(C)C,[Na+].[O-]C(C)(C)C,CCC(C)(C)O
2,COc1cc(C)c(c(C)c1)N,Brc1cc([N](=O)[O-])ccc1,[P](C1CCCCC1)(C2CCCCC2)C3=CC=CC=C3C4=C(N(C)C)C=CC=C4N(C)C,N\2=C1\N(CCCCC1)CCC/2,CCC(C)(C)O
89,COc1cc(C)c(c(C)c1)N,Brc1cc([N](=O)[O-])ccc1,[P](C1CCCCC1)(C2CCCCC2)C3=CC=CC=C3C4=C(N(C)C)C=CC=C4N(C)C,C(=O)([O-])[O-].[K+].[K+],Cc1ccccc1
16,COc1cc(C)c(c(C)c1)N,Brc1cc([N](=O)[O-])ccc1,[P](C1CCCCC1)(C2CCCCC2)C3=CC=CC=C3C4=CC=CC=C4,[Na+].[O-]C(C)(C)C,O1CCOCC1
36,COc1cc(C)c(c(C)c1)N,Brc1cc([N](=O)[O-])ccc1,[P](C1=CC(C(F)(F)F)=CC(C(F)(F)F)=C1)(C2=CC(C(F)(F)F)=CC(C(F)(F)F)=C2)C3=C(OC)C=CC(OC)=C3C4=C(C(C)C)C=C(C(C)C)C=C4C(C)C,C(=O)([O-])[O-].[K+].[K+],Cc1ccccc1
95,COc1cc(C)c(c(C)c1)N,Brc1cc([N](=O)[O-])ccc1,[P](C1=CC=CC=C1)(C2=CC=CC=C2)C3=CC=CC=C3C4=CC=CC=C4N(C)C,C(=O)([O-])[O-].[K+].[K+],CCC(C)(C)O
87,COc1cc(C)c(c(C)c1)N,Brc1cc([N](=O)[O-])ccc1,[P](C1=CC=CC=C1)(C2=CC=CC=C2)C3=CC=CC=C3C4=CC=CC=C4N(C)C,[Na+].[O-]C(C)(C)C,CCC(C)(C)O
99,COc1cc(C)c(c(C)c1)N,Brc1cc([N](=O)[O-])ccc1,[P](C1CCCCC1)(C2CCCCC2)C3=CC=CC=C3C4=C(OC(C)C)C=CC=C4OC(C)C,C(=O)([O-])[O-].[K+].[K+],CCC(C)(C)O
90,COc1cc(C)c(c(C)c1)N,Brc1cc([N](=O)[O-])ccc1,[P](C1CCCCC1)(C2CCCCC2)C3=CC=CC=C3C4=C(OC)C=CC=C4OC,C(=O)([O-])[O-].[K+].[K+],CCC(C)(C)O
18,COc1cc(C)c(c(C)c1)N,Brc1cc([N](=O)[O-])ccc1,[P](C1CCCCC1)(C2CCCCC2)C3=CC=CC=C3C4=C(C(C)C)C=C(C(C)C)C=C4C(C)C,[Na+].[O-]C(C)(C)C,Cc1ccccc1
83,COc1cc(C)c(c(C)c1)N,Brc1cc([N](=O)[O-])ccc1,[P](C1=CC(C(F)(F)F)=CC(C(F)(F)F)=C1)(C2=CC(C(F)(F)F)=CC(C(F)(F)F)=C2)C3=C(OC)C=CC(OC)=C3C4=C(N(C)C)C=CC=C4N(C)C,C(=O)([O-])[O-].[K+].[K+],Cc1ccccc1
31,COc1cc(C)c(c(C)c1)N,Brc1cc([N](=O)[O-])ccc1,[P](C1=CC=CC=C1)(C2=CC=CC=C2)C3=CC=CC=C3C4=C(OC)C=CC=C4OC,C(=O)([O-])[O-].[K+].[K+],Cc1ccccc1
96,COc1cc(C)c(c(C)c1)N,Brc1cc([N](=O)[O-])ccc1,[P](C(C)(C)C)(C(C)(C)C)C1=C(OC)C=CC(C)=C1C2=C(C(C)C)C=C(C(C)C)C=C2C(C)C,C(=O)([O-])[O-].[K+].[K+],CCC(C)(C)O
99,COc1cc(C)c(c(C)c1)N,Brc1cc([N](=O)[O-])ccc1,[P]([C@@]12C[C@@H]3C[C@H](C2)C[C@H](C1)C3)([C@@]4(C[C@H](C5)C6)C[C@H]6C[C@H]5C4)C7=C(OC)C=CC(OC)=C7C8=C(C(C)C)C=C(C(C)C)C=C8C(C)C,C(=O)([O-])[O-].[K+].[K+],CCC(C)(C)O
17,COc1cc(C)c(c(C)c1)N,Brc1cc([N](=O)[O-])ccc1,[P](C(C)(C)C)(C(C)(C)C)C1=C(C)C(C)=C(C)C(C)=C1C2=C(C(C)C)C=C(C(C)C)C=C2C(C)C,[Na+].[O-]C(C)(C)C,Cc1ccccc1
8,N1[C@@H](CCC1=O)C(=O)OC(C)(C)C,C1COC(O1)c1cc(ccc1)Br,[P](C1CCCCC1)(C2CCCCC2)C3=CC=CC=C3C4=C(N(C)C)C=CC=C4N(C)C,C(=O)([O-])[O-].[K+].[K+],O1CCOCC1
17,N1[C@@H](CCC1=O)C(=O)OC(C)(C)C,C1COC(O1)c1cc(ccc1)Br,[P](C1CCCCC1)(C2CCCCC2)C3=CC=CC=C3C4=C(N(C)C)C=CC=C4N(C)C,C(=O)([O-])[O-].[K+].[K+],CCC(C)(C)O
1,N1[C@@H](CCC1=O)C(=O)OC(C)(C)C,C1COC(O1)c1cc(ccc1)Br,[P](C1CCCCC1)(C2CCCCC2)C3=CC=CC=C3C4=C(OC(C)C)C=CC=C4OC(C)C,C(=O)([O-])[O-].[K+].[K+],O1CCOCC1
1,N1[C@@H](CCC1=O)C(=O)OC(C)(C)C,C1COC(O1)c1cc(ccc1)Br,[P](C1CCCCC1)(C2CCCCC2)C3=CC=CC=C3C4=C(OC(C)C)C=CC=C4OC(C)C,C(=O)([O-])[O-].[K+].[K+],CCC(C)(C)O
85,c1c(c2c([nH]1)ccc(c2)F)C,c1cc(cc(c1)Br)C(=O)N(C)C,[P](C1CCCCC1)(C2CCCCC2)C3=CC=CC=C3C4=C(N(C)C)C=CC=C4N(C)C,C(=O)([O-])[O-].[K+].[K+],CCC(C)(C)O
84,c1c(c2c([nH]1)ccc(c2)F)C,c1cc(cc(c1)Br)C(=O)N(C)C,[P](C1CCCCC1)(C2CCCCC2)C3=CC=CC=C3C4=C(N(C)C)C=CC=C4N(C)C,[Na+].[O-]C(C)(C)C,CCC(C)(C)O
24,c1c(c2c([nH]1)ccc(c2)F)C,c1cc(cc(c1)Br)C(=O)N(C)C,[P](C1CCCCC1)(C2CCCCC2)C3=CC=CC=C3C4=C(OC(C)C)C=CC=C4OC(C)C,C(=O)([O-])[O-].[K+].[K+],CCC(C)(C)O
17,c1c(c2c([nH]1)ccc(c2)F)C,c1cc(cc(c1)Br)C(=O)N(C)C,[P](C1CCCCC1)(C2CCCCC2)C3=CC=CC=C3C4=C(OC)C=CC=C4OC,[Na+].[O-]C(C)(C)C,CCC(C)(C)O
4,c1c(c2c([nH]1)ccc(c2)F)C,c1cc(cc(c1)Br)C(=O)N(C)C,[P](C1=CC(C(F)(F)F)=CC(C(F)(F)F)=C1)(C2=CC(C(F)(F)F)=CC(C(F)(F)F)=C2)C3=C(OC)C=CC(OC)=C3C4=C(N(C)C)C=CC=C4N(C)C,[Na+].[O-]C(C)(C)C,CCC(C)(C)O
0,c1c(c2c([nH]1)ccc(c2)F)C,c1cc(cc(c1)Br)C(=O)N(C)C,[P](C1=CC=CC=C1)(C2=CC=CC=C2)C3=CC=CC=C3C4=C(OC)C=CC=C4OC,[Na+].[O-]C(C)(C)C,CCC(C)(C)O
67,c1c(c2c([nH]1)ccc(c2)F)C,c1cc(cc(c1)Br)C(=O)N(C)C,[P](C(C)(C)C)(C(C)(C)C)C1=C(OC)C=CC(C)=C1C2=C(C(C)C)C=C(C(C)C)C=C2C(C)C,[Na+].[O-]C(C)(C)C,O1CCOCC1
61,c1c(c2c([nH]1)ccc(c2)F)C,c1cc(cc(c1)Br)C(=O)N(C)C,[P](C(C)(C)C)(C(C)(C)C)C1=C(OC)C=CC(C)=C1C2=C(C(C)C)C=C(C(C)C)C=C2C(C)C,[Na+].[O-]C(C)(C)C,CCC(C)(C)O
