paper_target_id,dataset,source_dataset,descriptor,model,split,metric,paper_value,paper_std,reproduced_value,abs_diff,rel_diff,status,explanation,relative_json_path
official_yieldsmarter_compare_complexity_rf,BH,BH1,MFP,RF,5x5_repeated_cv,kendall_tau,0.8484259715085937,0.008933443112753955,,,,official_target_extracted_pending_local_rerun,Target extracted from local official yieldsmarter RF summary JSON; local benchmark rerun has not yet been merged into this row.,yieldsmarter/Results/Compare_Complexity/Doyle_2018/MFP/Doyle_MFP_metrics_summaries_RF.json
official_yieldsmarter_compare_complexity_rf,BH,BH1,MFP,RF,5x5_repeated_cv,mae,4.531535492347868,0.21444793548210375,,,,official_target_extracted_pending_local_rerun,Target extracted from local official yieldsmarter RF summary JSON; local benchmark rerun has not yet been merged into this row.,yieldsmarter/Results/Compare_Complexity/Doyle_2018/MFP/Doyle_MFP_metrics_summaries_RF.json
official_yieldsmarter_compare_complexity_rf,BH,BH1,MFP,RF,5x5_repeated_cv,r2,0.9364555872923422,0.009567625818611597,,,,official_target_extracted_pending_local_rerun,Target extracted from local official yieldsmarter RF summary JSON; local benchmark rerun has not yet been merged into this row.,yieldsmarter/Results/Compare_Complexity/Doyle_2018/MFP/Doyle_MFP_metrics_summaries_RF.json
official_yieldsmarter_compare_complexity_rf,BH,BH1,MFP,RF,5x5_repeated_cv,rmse,6.851955627322502,0.47535156962768194,,,,official_target_extracted_pending_local_rerun,Target extracted from local official yieldsmarter RF summary JSON; local benchmark rerun has not yet been merged into this row.,yieldsmarter/Results/Compare_Complexity/Doyle_2018/MFP/Doyle_MFP_metrics_summaries_RF.json
official_yieldsmarter_compare_complexity_rf,BH,BH1,OHE,RF,5x5_repeated_cv,kendall_tau,0.7952110389388872,0.010904146137893929,,,,official_target_extracted_pending_local_rerun,Target extracted from local official yieldsmarter RF summary JSON; local benchmark rerun has not yet been merged into this row.,yieldsmarter/Results/Compare_Complexity/Doyle_2018/OHE/Doyle_OHE_metrics_summaries_RF.json
official_yieldsmarter_compare_complexity_rf,BH,BH1,OHE,RF,5x5_repeated_cv,mae,6.43266540035404,0.29452228282367027,,,,official_target_extracted_pending_local_rerun,Target extracted from local official yieldsmarter RF summary JSON; local benchmark rerun has not yet been merged into this row.,yieldsmarter/Results/Compare_Complexity/Doyle_2018/OHE/Doyle_OHE_metrics_summaries_RF.json
official_yieldsmarter_compare_complexity_rf,BH,BH1,OHE,RF,5x5_repeated_cv,r2,0.8831276621985755,0.013226017429811483,,,,official_target_extracted_pending_local_rerun,Target extracted from local official yieldsmarter RF summary JSON; local benchmark rerun has not yet been merged into this row.,yieldsmarter/Results/Compare_Complexity/Doyle_2018/OHE/Doyle_OHE_metrics_summaries_RF.json
official_yieldsmarter_compare_complexity_rf,BH,BH1,OHE,RF,5x5_repeated_cv,rmse,9.303579610678113,0.4748886228087751,,,,official_target_extracted_pending_local_rerun,Target extracted from local official yieldsmarter RF summary JSON; local benchmark rerun has not yet been merged into this row.,yieldsmarter/Results/Compare_Complexity/Doyle_2018/OHE/Doyle_OHE_metrics_summaries_RF.json
official_yieldsmarter_compare_complexity_rf,BH,BH1,PhysChem,RF,5x5_repeated_cv,kendall_tau,0.8108863707524345,0.010775802912520043,,,,official_target_extracted_pending_local_rerun,Target extracted from local official yieldsmarter RF summary JSON; local benchmark rerun has not yet been merged into this row.,yieldsmarter/Results/Compare_Complexity/Doyle_2018/PhysChem/Doyle_PhysChem_metrics_summaries_RF.json
official_yieldsmarter_compare_complexity_rf,BH,BH1,PhysChem,RF,5x5_repeated_cv,mae,6.044628226709067,0.28442517885705504,,,,official_target_extracted_pending_local_rerun,Target extracted from local official yieldsmarter RF summary JSON; local benchmark rerun has not yet been merged into this row.,yieldsmarter/Results/Compare_Complexity/Doyle_2018/PhysChem/Doyle_PhysChem_metrics_summaries_RF.json
official_yieldsmarter_compare_complexity_rf,BH,BH1,PhysChem,RF,5x5_repeated_cv,r2,0.8965145816418639,0.013334129970824435,,,,official_target_extracted_pending_local_rerun,Target extracted from local official yieldsmarter RF summary JSON; local benchmark rerun has not yet been merged into this row.,yieldsmarter/Results/Compare_Complexity/Doyle_2018/PhysChem/Doyle_PhysChem_metrics_summaries_RF.json
official_yieldsmarter_compare_complexity_rf,BH,BH1,PhysChem,RF,5x5_repeated_cv,rmse,8.75070591617427,0.5256459234183768,,,,official_target_extracted_pending_local_rerun,Target extracted from local official yieldsmarter RF summary JSON; local benchmark rerun has not yet been merged into this row.,yieldsmarter/Results/Compare_Complexity/Doyle_2018/PhysChem/Doyle_PhysChem_metrics_summaries_RF.json
official_yieldsmarter_compare_complexity_rf,BH2,BH2,MFP,RF,5x5_repeated_cv,kendall_tau,0.6840725868058348,0.0127806133304408,,,,official_target_extracted_pending_local_rerun,Target extracted from local official yieldsmarter RF summary JSON; local benchmark rerun has not yet been merged into this row.,yieldsmarter/Results/Compare_Complexity/Denmark_2023/MFP/Denmark_MFP_metrics_summaries_RF.json
official_yieldsmarter_compare_complexity_rf,BH2,BH2,MFP,RF,5x5_repeated_cv,mae,12.05600068639324,0.5273358871203663,,,,official_target_extracted_pending_local_rerun,Target extracted from local official yieldsmarter RF summary JSON; local benchmark rerun has not yet been merged into this row.,yieldsmarter/Results/Compare_Complexity/Denmark_2023/MFP/Denmark_MFP_metrics_summaries_RF.json
official_yieldsmarter_compare_complexity_rf,BH2,BH2,MFP,RF,5x5_repeated_cv,r2,0.7250461909827262,0.02472694475552353,,,,official_target_extracted_pending_local_rerun,Target extracted from local official yieldsmarter RF summary JSON; local benchmark rerun has not yet been merged into this row.,yieldsmarter/Results/Compare_Complexity/Denmark_2023/MFP/Denmark_MFP_metrics_summaries_RF.json
official_yieldsmarter_compare_complexity_rf,BH2,BH2,MFP,RF,5x5_repeated_cv,rmse,17.892543335494505,0.8358343772583589,,,,official_target_extracted_pending_local_rerun,Target extracted from local official yieldsmarter RF summary JSON; local benchmark rerun has not yet been merged into this row.,yieldsmarter/Results/Compare_Complexity/Denmark_2023/MFP/Denmark_MFP_metrics_summaries_RF.json
official_yieldsmarter_compare_complexity_rf,BH2,BH2,OHE,RF,5x5_repeated_cv,kendall_tau,0.6140652734094795,0.017116023553286785,,,,official_target_extracted_pending_local_rerun,Target extracted from local official yieldsmarter RF summary JSON; local benchmark rerun has not yet been merged into this row.,yieldsmarter/Results/Compare_Complexity/Denmark_2023/OHE/Denmark_OHE_metrics_summaries_RF.json
official_yieldsmarter_compare_complexity_rf,BH2,BH2,OHE,RF,5x5_repeated_cv,mae,15.25128532287456,0.5643054900371413,,,,official_target_extracted_pending_local_rerun,Target extracted from local official yieldsmarter RF summary JSON; local benchmark rerun has not yet been merged into this row.,yieldsmarter/Results/Compare_Complexity/Denmark_2023/OHE/Denmark_OHE_metrics_summaries_RF.json
official_yieldsmarter_compare_complexity_rf,BH2,BH2,OHE,RF,5x5_repeated_cv,r2,0.5899081375692488,0.03236531379694126,,,,official_target_extracted_pending_local_rerun,Target extracted from local official yieldsmarter RF summary JSON; local benchmark rerun has not yet been merged into this row.,yieldsmarter/Results/Compare_Complexity/Denmark_2023/OHE/Denmark_OHE_metrics_summaries_RF.json
official_yieldsmarter_compare_complexity_rf,BH2,BH2,OHE,RF,5x5_repeated_cv,rmse,21.85446812834209,0.8578340506178871,,,,official_target_extracted_pending_local_rerun,Target extracted from local official yieldsmarter RF summary JSON; local benchmark rerun has not yet been merged into this row.,yieldsmarter/Results/Compare_Complexity/Denmark_2023/OHE/Denmark_OHE_metrics_summaries_RF.json
official_yieldsmarter_compare_complexity_rf,BH2,BH2,PhysChem,RF,5x5_repeated_cv,kendall_tau,0.661055732771205,0.012221087608039864,,,,official_target_extracted_pending_local_rerun,Target extracted from local official yieldsmarter RF summary JSON; local benchmark rerun has not yet been merged into this row.,yieldsmarter/Results/Compare_Complexity/Denmark_2023/PhysChem/Denmark_PhysChem_metrics_summaries_RF.json
official_yieldsmarter_compare_complexity_rf,BH2,BH2,PhysChem,RF,5x5_repeated_cv,mae,13.861131699450207,0.4875558456199204,,,,official_target_extracted_pending_local_rerun,Target extracted from local official yieldsmarter RF summary JSON; local benchmark rerun has not yet been merged into this row.,yieldsmarter/Results/Compare_Complexity/Denmark_2023/PhysChem/Denmark_PhysChem_metrics_summaries_RF.json
official_yieldsmarter_compare_complexity_rf,BH2,BH2,PhysChem,RF,5x5_repeated_cv,r2,0.6742941253951183,0.023841905280485718,,,,official_target_extracted_pending_local_rerun,Target extracted from local official yieldsmarter RF summary JSON; local benchmark rerun has not yet been merged into this row.,yieldsmarter/Results/Compare_Complexity/Denmark_2023/PhysChem/Denmark_PhysChem_metrics_summaries_RF.json
official_yieldsmarter_compare_complexity_rf,BH2,BH2,PhysChem,RF,5x5_repeated_cv,rmse,19.480151413460412,0.7538362263453209,,,,official_target_extracted_pending_local_rerun,Target extracted from local official yieldsmarter RF summary JSON; local benchmark rerun has not yet been merged into this row.,yieldsmarter/Results/Compare_Complexity/Denmark_2023/PhysChem/Denmark_PhysChem_metrics_summaries_RF.json
official_yieldsmarter_compare_complexity_rf,SLAP,SL1,MFP,RF,5x5_repeated_cv,kendall_tau,0.5095152925758325,0.0357339404447818,,,,official_target_extracted_pending_local_rerun,Target extracted from local official yieldsmarter RF summary JSON; local benchmark rerun has not yet been merged into this row.,yieldsmarter/Results/Compare_Complexity/Bode_2023/MFP/Bode_MFP_metrics_summaries_RF.json
official_yieldsmarter_compare_complexity_rf,SLAP,SL1,MFP,RF,5x5_repeated_cv,mae,18.04338125379474,1.8406673610385011,,,,official_target_extracted_pending_local_rerun,Target extracted from local official yieldsmarter RF summary JSON; local benchmark rerun has not yet been merged into this row.,yieldsmarter/Results/Compare_Complexity/Bode_2023/MFP/Bode_MFP_metrics_summaries_RF.json
official_yieldsmarter_compare_complexity_rf,SLAP,SL1,MFP,RF,5x5_repeated_cv,r2,0.7681948782217961,0.0522919478029916,,,,official_target_extracted_pending_local_rerun,Target extracted from local official yieldsmarter RF summary JSON; local benchmark rerun has not yet been merged into this row.,yieldsmarter/Results/Compare_Complexity/Bode_2023/MFP/Bode_MFP_metrics_summaries_RF.json
official_yieldsmarter_compare_complexity_rf,SLAP,SL1,MFP,RF,5x5_repeated_cv,rmse,35.122995676523296,5.089889091350841,,,,official_target_extracted_pending_local_rerun,Target extracted from local official yieldsmarter RF summary JSON; local benchmark rerun has not yet been merged into this row.,yieldsmarter/Results/Compare_Complexity/Bode_2023/MFP/Bode_MFP_metrics_summaries_RF.json
official_yieldsmarter_compare_complexity_rf,SLAP,SL1,OHE,RF,5x5_repeated_cv,kendall_tau,0.4817051582235913,0.03874786224449629,,,,official_target_extracted_pending_local_rerun,Target extracted from local official yieldsmarter RF summary JSON; local benchmark rerun has not yet been merged into this row.,yieldsmarter/Results/Compare_Complexity/Bode_2023/OHE/Bode_OHE_metrics_summaries_RF.json
official_yieldsmarter_compare_complexity_rf,SLAP,SL1,OHE,RF,5x5_repeated_cv,mae,21.97424643008989,2.7945483963591373,,,,official_target_extracted_pending_local_rerun,Target extracted from local official yieldsmarter RF summary JSON; local benchmark rerun has not yet been merged into this row.,yieldsmarter/Results/Compare_Complexity/Bode_2023/OHE/Bode_OHE_metrics_summaries_RF.json
official_yieldsmarter_compare_complexity_rf,SLAP,SL1,OHE,RF,5x5_repeated_cv,r2,0.6058283436285762,0.0970297253603709,,,,official_target_extracted_pending_local_rerun,Target extracted from local official yieldsmarter RF summary JSON; local benchmark rerun has not yet been merged into this row.,yieldsmarter/Results/Compare_Complexity/Bode_2023/OHE/Bode_OHE_metrics_summaries_RF.json
official_yieldsmarter_compare_complexity_rf,SLAP,SL1,OHE,RF,5x5_repeated_cv,rmse,45.86110395137582,7.604913666751052,,,,official_target_extracted_pending_local_rerun,Target extracted from local official yieldsmarter RF summary JSON; local benchmark rerun has not yet been merged into this row.,yieldsmarter/Results/Compare_Complexity/Bode_2023/OHE/Bode_OHE_metrics_summaries_RF.json
official_yieldsmarter_compare_complexity_rf,SLAP,SL1,PhysChem,RF,5x5_repeated_cv,kendall_tau,0.4900958359932593,0.03645423521547598,,,,official_target_extracted_pending_local_rerun,Target extracted from local official yieldsmarter RF summary JSON; local benchmark rerun has not yet been merged into this row.,yieldsmarter/Results/Compare_Complexity/Bode_2023/PhysChem/Bode_PhysChem_metrics_summaries_RF.json
official_yieldsmarter_compare_complexity_rf,SLAP,SL1,PhysChem,RF,5x5_repeated_cv,mae,18.42531887194204,1.809814660835293,,,,official_target_extracted_pending_local_rerun,Target extracted from local official yieldsmarter RF summary JSON; local benchmark rerun has not yet been merged into this row.,yieldsmarter/Results/Compare_Complexity/Bode_2023/PhysChem/Bode_PhysChem_metrics_summaries_RF.json
official_yieldsmarter_compare_complexity_rf,SLAP,SL1,PhysChem,RF,5x5_repeated_cv,r2,0.7735727663222332,0.05374318467667124,,,,official_target_extracted_pending_local_rerun,Target extracted from local official yieldsmarter RF summary JSON; local benchmark rerun has not yet been merged into this row.,yieldsmarter/Results/Compare_Complexity/Bode_2023/PhysChem/Bode_PhysChem_metrics_summaries_RF.json
official_yieldsmarter_compare_complexity_rf,SLAP,SL1,PhysChem,RF,5x5_repeated_cv,rmse,34.68712752455971,5.419837238067015,,,,official_target_extracted_pending_local_rerun,Target extracted from local official yieldsmarter RF summary JSON; local benchmark rerun has not yet been merged into this row.,yieldsmarter/Results/Compare_Complexity/Bode_2023/PhysChem/Bode_PhysChem_metrics_summaries_RF.json
official_yieldsmarter_compare_complexity_rf,SM,SM,MFP,RF,5x5_repeated_cv,kendall_tau,0.7615115880573682,0.008364901212263468,,,,official_target_extracted_pending_local_rerun,Target extracted from local official yieldsmarter RF summary JSON; local benchmark rerun has not yet been merged into this row.,yieldsmarter/Results/Compare_Complexity/Suzuki_2018/MFP/Suzuki_MFP_metrics_summaries_RF.json
official_yieldsmarter_compare_complexity_rf,SM,SM,MFP,RF,5x5_repeated_cv,mae,7.398945621312399,0.2199739432287865,,,,official_target_extracted_pending_local_rerun,Target extracted from local official yieldsmarter RF summary JSON; local benchmark rerun has not yet been merged into this row.,yieldsmarter/Results/Compare_Complexity/Suzuki_2018/MFP/Suzuki_MFP_metrics_summaries_RF.json
official_yieldsmarter_compare_complexity_rf,SM,SM,MFP,RF,5x5_repeated_cv,r2,0.8527994807980537,0.008652368329218849,,,,official_target_extracted_pending_local_rerun,Target extracted from local official yieldsmarter RF summary JSON; local benchmark rerun has not yet been merged into this row.,yieldsmarter/Results/Compare_Complexity/Suzuki_2018/MFP/Suzuki_MFP_metrics_summaries_RF.json
official_yieldsmarter_compare_complexity_rf,SM,SM,MFP,RF,5x5_repeated_cv,rmse,11.008577405453288,0.3229990876709754,,,,official_target_extracted_pending_local_rerun,Target extracted from local official yieldsmarter RF summary JSON; local benchmark rerun has not yet been merged into this row.,yieldsmarter/Results/Compare_Complexity/Suzuki_2018/MFP/Suzuki_MFP_metrics_summaries_RF.json
official_yieldsmarter_compare_complexity_rf,SM,SM,OHE,RF,5x5_repeated_cv,kendall_tau,0.7101765501581333,0.008953186850442671,,,,official_target_extracted_pending_local_rerun,Target extracted from local official yieldsmarter RF summary JSON; local benchmark rerun has not yet been merged into this row.,yieldsmarter/Results/Compare_Complexity/Suzuki_2018/OHE/Suzuki_OHE_metrics_summaries_RF.json
official_yieldsmarter_compare_complexity_rf,SM,SM,OHE,RF,5x5_repeated_cv,mae,9.362933409146159,0.2448976808369306,,,,official_target_extracted_pending_local_rerun,Target extracted from local official yieldsmarter RF summary JSON; local benchmark rerun has not yet been merged into this row.,yieldsmarter/Results/Compare_Complexity/Suzuki_2018/OHE/Suzuki_OHE_metrics_summaries_RF.json
official_yieldsmarter_compare_complexity_rf,SM,SM,OHE,RF,5x5_repeated_cv,r2,0.783424395582564,0.009718200195019306,,,,official_target_extracted_pending_local_rerun,Target extracted from local official yieldsmarter RF summary JSON; local benchmark rerun has not yet been merged into this row.,yieldsmarter/Results/Compare_Complexity/Suzuki_2018/OHE/Suzuki_OHE_metrics_summaries_RF.json
official_yieldsmarter_compare_complexity_rf,SM,SM,OHE,RF,5x5_repeated_cv,rmse,13.059287989170132,0.320226246043108,,,,official_target_extracted_pending_local_rerun,Target extracted from local official yieldsmarter RF summary JSON; local benchmark rerun has not yet been merged into this row.,yieldsmarter/Results/Compare_Complexity/Suzuki_2018/OHE/Suzuki_OHE_metrics_summaries_RF.json
official_yieldsmarter_compare_complexity_rf,SM,SM,PhysChem,RF,5x5_repeated_cv,kendall_tau,0.7653699300843917,0.007950008065063328,,,,official_target_extracted_pending_local_rerun,Target extracted from local official yieldsmarter RF summary JSON; local benchmark rerun has not yet been merged into this row.,yieldsmarter/Results/Compare_Complexity/Suzuki_2018/PhysChem/Suzuki_PhysChem_metrics_summaries_RF.json
official_yieldsmarter_compare_complexity_rf,SM,SM,PhysChem,RF,5x5_repeated_cv,mae,7.373780112389283,0.21437464722824862,,,,official_target_extracted_pending_local_rerun,Target extracted from local official yieldsmarter RF summary JSON; local benchmark rerun has not yet been merged into this row.,yieldsmarter/Results/Compare_Complexity/Suzuki_2018/PhysChem/Suzuki_PhysChem_metrics_summaries_RF.json
official_yieldsmarter_compare_complexity_rf,SM,SM,PhysChem,RF,5x5_repeated_cv,r2,0.8567238122304681,0.008507776940485205,,,,official_target_extracted_pending_local_rerun,Target extracted from local official yieldsmarter RF summary JSON; local benchmark rerun has not yet been merged into this row.,yieldsmarter/Results/Compare_Complexity/Suzuki_2018/PhysChem/Suzuki_PhysChem_metrics_summaries_RF.json
official_yieldsmarter_compare_complexity_rf,SM,SM,PhysChem,RF,5x5_repeated_cv,rmse,10.860895796525364,0.3138316692902789,,,,official_target_extracted_pending_local_rerun,Target extracted from local official yieldsmarter RF summary JSON; local benchmark rerun has not yet been merged into this row.,yieldsmarter/Results/Compare_Complexity/Suzuki_2018/PhysChem/Suzuki_PhysChem_metrics_summaries_RF.json
