Index,Aldehyde_1,bifunctional_reagent,Aldehyde_2,lcms_ratio
175,O=Cc1ccc2ccccc2c1,C[Si](C)(C)COCC(=O)ON1C(=O)c2ccccc2C1=O,O=Cc1nccs1,0.109710217
753,Cc1ccc(C=O)cn1,CC(OC[Si](C)(C)C)C(=O)ON1C(=O)c2ccccc2C1=O,CCC(C=O)CC,0.88031429
468,O=CC1CCOCC1,CCCC[Sn](CCCC)(CCCC)CN(C[Si](C)(C)C)C(=O)OCC,O=CC1CCOCC1,29.13996594
241,CC(=O)c1ccccc1,CCCC[Sn](CCCC)(CCCC)COC[Si](C)(C)C,O=Cc1ccc(C(F)(F)F)cc1,47.59484729
668,O=Cc1ccc(-c2ccccc2)cc1,C[Si](C)(C)COCC(=O)ON1C(=O)c2ccccc2C1=O,O=CC1CC1,38.14976421
219,O=C1CCOC1,CCCC[Sn](CCCC)(CCCC)COC[Si](C)(C)C,N#Cc1ccccc1C=O,1.433062318
868,CC(C)(C)c1ccc(C=O)cc1,C[Si](C)(C)COCC(=O)ON1C(=O)c2ccccc2C1=O,O=Cc1ccc(CN2CCOCC2)cc1,1.883158403
421,CC(C)CC=O,CCCC[Sn](CCCC)(CCCC)CN(C[Si](C)(C)C)C(=O)OCC,O=Cc1ccc(F)cc1,242.7912417
352,N#Cc1ccc(C=O)cc1,CCCC[Sn](CCCC)(CCCC)CN(C[Si](C)(C)C)C(=O)OCC,O=Cc1ccc(N2CCCC2)cc1,263.0861894
329,O=Cc1ccc(C(F)(F)F)cc1,CCCC[Sn](CCCC)(CCCC)CN(C[Si](C)(C)C)C(=O)OCC,O=Cc1cccnc1,72.5592822
693,O=Cc1ccc(F)cc1Cl,CC(OC[Si](C)(C)C)C(=O)ON1C(=O)c2ccccc2C1=O,CCC(C=O)CC,16.82110276
1042,O=Cc1cccnc1,C[Si](C)(C)COCC(=O)ON1C(=O)c2ccccc2C1=O,CC(C)(C)CC=O,0.0
922,COC(=O)c1ccc(C=O)cc1,C[Si](C)(C)COCC(=O)ON1C(=O)c2ccccc2C1=O,CCCC(C)C=O,2.264561506
266,CC(=O)C1CCCCC1,CCCC[Sn](CCCC)(CCCC)COC[Si](C)(C)C,COc1cccc(C=O)c1,0.0
486,CC(C)(C)c1ccc(C=O)cc1,C[Si](C)(C)COCC(=O)ON1C(=O)c2ccccc2C1=O,O=Cc1cnc(-c2ccccc2)nc1,7.547094773
926,N#Cc1ccc(C=O)cc1,C[Si](C)(C)COCC(=O)ON1C(=O)c2ccccc2C1=O,CC(=O)Nc1ccc(C=O)cc1,1.810006976
290,CC(C)(C)c1ccc(C=O)cc1,CCCC[Sn](CCCC)(CCCC)CN(C[Si](C)(C)C)C(=O)OCC,O=Cc1ccccc1O,331.1407531
221,O=C1CCOC1,CCCC[Sn](CCCC)(CCCC)COC[Si](C)(C)C,O=Cc1cc(Cl)cc(Cl)c1,31.66046757
840,O=Cc1ccc2c(c1)OCC2,CC(C)(OC[Si](C)(C)C)C(=O)ON1C(=O)c2ccccc2C1=O,O=Cc1ccc2ccccc2c1,0.143253335
708,O=Cc1cccc(Cl)c1,CC(OC[Si](C)(C)C)C(=O)ON1C(=O)c2ccccc2C1=O,O=CC1CCCCC1,26.03106781
937,O=Cc1cccnc1,C[Si](C)(C)COCC(=O)ON1C(=O)c2ccccc2C1=O,O=Cc1ccc(Cl)cc1,0.418868466
571,O=Cc1ccc(-c2ccccn2)cc1,C[Si](C)(C)COCC(=O)ON1C(=O)c2ccccc2C1=O,Cn1c(C=O)nc2ccccc21,0.06521764
894,O=Cc1cccc(Br)c1,C[Si](C)(C)COCC(=O)ON1C(=O)c2ccccc2C1=O,O=Cc1cnc(-c2ccccc2)nc1,2.489690722
102,CC(C)(C)c1cc(C=O)cc(C(C)(C)C)c1,C[Si](C)(C)COCC(=O)ON1C(=O)c2ccccc2C1=O,O=Cc1cocn1,4.489736666
1142,O=Cc1cccc(C(F)(F)F)c1,CCCC[Sn](CCCC)(CCCC)COC[Si](C)(C)C,O=Cc1ccc2c(c1)OCCO2,9.200230158
815,O=Cc1ccccc1,CC(C)(OC[Si](C)(C)C)C(=O)ON1C(=O)c2ccccc2C1=O,Cn1nc2ccccc2c1C=O,0.0
1116,O=Cc1ccc(F)c2ccccc12,CCCC[Sn](CCCC)(CCCC)COC[Si](C)(C)C,Cc1ccc(C=O)c(O)c1,0.236749796
739,CC(=O)Nc1ccc(C=O)cc1,CC(OC[Si](C)(C)C)C(=O)ON1C(=O)c2ccccc2C1=O,Cc1nn(-c2ccccc2)cc1C=O,23.35221665
1136,C=CCOc1ccc(C=O)cc1,CCCC[Sn](CCCC)(CCCC)CN(C[Si](C)(C)C)C(=O)OCC,CN1CCCCC(C=O)C1=O,8.78591373
539,COC(=O)c1ccc(C=O)cc1,C[Si](C)(C)COCC(=O)ON1C(=O)c2ccccc2C1=O,O=CC1CCCC1,15.11806653
463,O=CC1CCOCC1,CCCC[Sn](CCCC)(CCCC)CN(C[Si](C)(C)C)C(=O)OCC,Cc1cc(C=O)no1,0.0
887,O=Cc1cc(Cl)cc(Cl)c1,C[Si](C)(C)COCC(=O)ON1C(=O)c2ccccc2C1=O,O=CC1CCCC1,1.375624449
425,CC(C)CC=O,CCCC[Sn](CCCC)(CCCC)CN(C[Si](C)(C)C)C(=O)OCC,O=Cc1ccncc1,1.776840554
446,O=CC1CCCCC1,CCCC[Sn](CCCC)(CCCC)CN(C[Si](C)(C)C)C(=O)OCC,CC(=O)c1ccc(C=O)cc1,61.76832559
842,O=Cc1ccc(N2CCCC2)cc1,CC(C)(OC[Si](C)(C)C)C(=O)ON1C(=O)c2ccccc2C1=O,O=Cc1ccc(F)cc1Cl,0.0
24,O=Cc1ccc(Cl)cc1,C[Si](C)(C)COCC(=O)ON1C(=O)c2ccccc2C1=O,O=CC1CCCCC1,46.3831135
567,O=Cc1ccc(-c2ccccn2)cc1,C[Si](C)(C)COCC(=O)ON1C(=O)c2ccccc2C1=O,N#Cc1cc(C=O)ccc1F,3.064912911
261,O=C(c1ccccc1)C(F)(F)F,CCCC[Sn](CCCC)(CCCC)COC[Si](C)(C)C,CC(C)(C)CC=O,9.661381983
955,O=Cc1ccc(-c2ccccn2)cc1,C[Si](C)(C)COCC(=O)ON1C(=O)c2ccccc2C1=O,Cn1cc(C=O)cn1,1.771619475
1137,C=CCOc1ccc(C=O)cc1,CCCC[Sn](CCCC)(CCCC)CN(C[Si](C)(C)C)C(=O)OCC,O=CC1CCN(c2ccccc2)C1,0.476186067
788,O=Cc1cccc(F)c1,CC(C)(OC[Si](C)(C)C)C(=O)ON1C(=O)c2ccccc2C1=O,O=CCC(F)(F)F,0.0
804,O=Cc1ccc(Cl)c(Cl)c1,CC(C)(OC[Si](C)(C)C)C(=O)ON1C(=O)c2ccccc2C1=O,O=Cc1ccc2ccccc2c1,0.0
159,O=Cc1cocn1,C[Si](C)(C)COCC(=O)ON1C(=O)c2ccccc2C1=O,O=Cc1ccc(F)cc1Cl,0.0
414,CC(C)(C)C=O,CCCC[Sn](CCCC)(CCCC)CN(C[Si](C)(C)C)C(=O)OCC,Cc1ccc(C=O)cn1,4.738692547
785,O=Cc1cccc(F)c1,CC(C)(OC[Si](C)(C)C)C(=O)ON1C(=O)c2ccccc2C1=O,O=CC1CCC1,2.080429457
200,O=C1CCOCC1,CCCC[Sn](CCCC)(CCCC)COC[Si](C)(C)C,Cn1cc(C=O)cn1,2.17342047
821,Cc1cccc(C=O)c1,CC(C)(OC[Si](C)(C)C)C(=O)ON1C(=O)c2ccccc2C1=O,O=CC1CCC1,2.552406018
454,O=CC1CCCCC1,CCCC[Sn](CCCC)(CCCC)CN(C[Si](C)(C)C)C(=O)OCC,CCC(C)C=O,6.169014085
1095,COc1ccnc(C=O)c1,CCCC[Sn](CCCC)(CCCC)COC[Si](C)(C)C,CCCn1nc(C)cc1C=O,0.047307473
141,CC(=O)c1ccc(C=O)cc1,C[Si](C)(C)COCC(=O)ON1C(=O)c2ccccc2C1=O,O=CC1CC1,1.955528769
595,O=Cc1cc(Cl)cc(Cl)c1,C[Si](C)(C)COCC(=O)ON1C(=O)c2ccccc2C1=O,Cc1c(C=O)cnn1-c1ccccc1,50.98493155
97,CC(C)(C)c1cc(C=O)cc(C(C)(C)C)c1,C[Si](C)(C)COCC(=O)ON1C(=O)c2ccccc2C1=O,Cc1cccc(C=O)c1,36.82232685
391,CC(C)C=O,CCCC[Sn](CCCC)(CCCC)CN(C[Si](C)(C)C)C(=O)OCC,Cc1cc(C=O)no1,0.0
1102,COc1ccnc(C=O)c1,CCCC[Sn](CCCC)(CCCC)CN(C[Si](C)(C)C)C(=O)OCC,COC(=O)N1C=C(C=O)OCC1,0.003143233
110,O=Cc1cc(Cl)cc(Cl)c1,C[Si](C)(C)COCC(=O)ON1C(=O)c2ccccc2C1=O,O=Cc1ccc(Cl)c(Cl)c1,11.60725987
987,O=Cc1cccc(Br)c1,C[Si](C)(C)COCC(=O)ON1C(=O)c2ccccc2C1=O,Cc1ccc(C=O)cc1,0.992077088
676,Cc1ccc(C=O)cc1,CC(OC[Si](C)(C)C)C(=O)ON1C(=O)c2ccccc2C1=O,O=Cc1ccc(O)cc1,37.1309846
1097,COc1ccnc(C=O)c1,CCCC[Sn](CCCC)(CCCC)CN(C[Si](C)(C)C)C(=O)OCC,Cc1nc(N(C)C)sc1C=O,0.037024499
627,COC(=O)c1ccc(C=O)cc1,C[Si](C)(C)COCC(=O)ON1C(=O)c2ccccc2C1=O,N#Cc1ccc(C=O)cc1,0.119841785
1025,N#Cc1ccc(C=O)cc1,C[Si](C)(C)COCC(=O)ON1C(=O)c2ccccc2C1=O,O=Cc1ccc(-n2cncn2)cc1,2.485426754
1081,Cc1ccc2[nH]cc(C=O)c2c1,CCCC[Sn](CCCC)(CCCC)COC[Si](C)(C)C,Cn1cnc2cc(C=O)ccc21,0.030537608
210,O=C1CCC(c2ccccc2)CC1,CCCC[Sn](CCCC)(CCCC)COC[Si](C)(C)C,O=Cc1ccc(F)cc1Cl,50.43049643
232,O=C1CCOc2ccccc21,CCCC[Sn](CCCC)(CCCC)COC[Si](C)(C)C,N#Cc1cc(C=O)ccc1F,20.97127853
1144,O=Cc1cccc(C(F)(F)F)c1,CCCC[Sn](CCCC)(CCCC)COC[Si](C)(C)C,CC(C)(C)c1cccc(C=O)c1O,0.139785418
843,O=Cc1ccc(N2CCCC2)cc1,CC(C)(OC[Si](C)(C)C)C(=O)ON1C(=O)c2ccccc2C1=O,COC(=O)c1ccc(C=O)cc1,0.0
479,O=CC1CCN(C(=O)OCc2ccccc2)CC1,CCCC[Sn](CCCC)(CCCC)CN(C[Si](C)(C)C)C(=O)OCC,O=CC1CCOC1,121.5430185
440,O=CC1CCC1,CCCC[Sn](CCCC)(CCCC)CN(C[Si](C)(C)C)C(=O)OCC,O=Cc1nccs1,1.558532031
985,O=Cc1cccc(Br)c1,C[Si](C)(C)COCC(=O)ON1C(=O)c2ccccc2C1=O,COc1ccc(C=O)cc1,1.536934725
287,CC(=O)C1CCOCC1,CCCC[Sn](CCCC)(CCCC)COC[Si](C)(C)C,O=CC1CCC1,1.585189834
1071,CC(C)Cc1ccc(C=O)cc1,CCCC[Sn](CCCC)(CCCC)COC[Si](C)(C)C,CCCn1nc(C)cc1C=O,1.13309572
406,O=CC1CC1,CCCC[Sn](CCCC)(CCCC)CN(C[Si](C)(C)C)C(=O)OCC,CCC(C)C=O,42.07399474
185,O=Cc1ccc2occc2c1,C[Si](C)(C)COCC(=O)ON1C(=O)c2ccccc2C1=O,O=Cc1cccnc1,0.127782971
1074,CC(C)Cc1ccc(C=O)cc1,CCCC[Sn](CCCC)(CCCC)CN(C[Si](C)(C)C)C(=O)OCC,O=Cc1cc(O)c(O)c(Cl)c1,3.709295705
1099,COc1ccnc(C=O)c1,CCCC[Sn](CCCC)(CCCC)CN(C[Si](C)(C)C)C(=O)OCC,O=Cc1cc(F)c(O)c(F)c1,0.001593169
678,Cc1ccc(C=O)cc1,CC(OC[Si](C)(C)C)C(=O)ON1C(=O)c2ccccc2C1=O,O=Cc1ccc(-c2ccccn2)cc1,6.806509844
1115,O=Cc1ccc(F)c2ccccc12,CCCC[Sn](CCCC)(CCCC)COC[Si](C)(C)C,CC(C)(C)OC(=O)n1cnc(C=O)c1,0.020811868
1107,O=Cc1cccc([N+](=O)[O-])c1O,CCCC[Sn](CCCC)(CCCC)COC[Si](C)(C)C,CCCn1nc(C)cc1C=O,0.005163529
675,Cc1ccc(C=O)cc1,CC(OC[Si](C)(C)C)C(=O)ON1C(=O)c2ccccc2C1=O,CC(C)(C)c1ccc(C=O)cc1,31.80825134
696,O=Cc1ccc(F)cc1Cl,CC(OC[Si](C)(C)C)C(=O)ON1C(=O)c2ccccc2C1=O,O=CC1CCCCC1,11.63692969
747,Cc1ccc(C=O)cn1,CC(OC[Si](C)(C)C)C(=O)ON1C(=O)c2ccccc2C1=O,CC(C)(C)c1ccc(C=O)cc1,14.91350707
434,O=CC1CCC1,CCCC[Sn](CCCC)(CCCC)CN(C[Si](C)(C)C)C(=O)OCC,CC(=O)c1ccc(C=O)cc1,47.90234533
619,O=Cc1ccc(C(F)(F)F)cc1,C[Si](C)(C)COCC(=O)ON1C(=O)c2ccccc2C1=O,Cc1c(C=O)cnn1-c1ccccc1,18.53991806
345,COC(=O)c1ccc(C=O)cc1,CCCC[Sn](CCCC)(CCCC)CN(C[Si](C)(C)C)C(=O)OCC,CCC(C=O)CC,496.5504054
674,Cc1ccc(C=O)cc1,CC(OC[Si](C)(C)C)C(=O)ON1C(=O)c2ccccc2C1=O,O=Cc1ccc(Cl)c(Cl)c1,22.74236779
61,N#Cc1ccc(C=O)cc1,C[Si](C)(C)COCC(=O)ON1C(=O)c2ccccc2C1=O,O=Cc1ccc(Cl)cc1,36.35276827
931,N#Cc1ccc(C=O)cc1,C[Si](C)(C)COCC(=O)ON1C(=O)c2ccccc2C1=O,Cn1c(C=O)nc2ccccc21,0.659603667
93,O=Cc1ccc(-c2ccccn2)cc1,C[Si](C)(C)COCC(=O)ON1C(=O)c2ccccc2C1=O,CCC(C=O)CC,3.116144713
917,COC(=O)c1ccc(C=O)cc1,C[Si](C)(C)COCC(=O)ON1C(=O)c2ccccc2C1=O,O=Cc1cccnc1,0.738796874
320,O=Cc1cccc(Br)c1,CCCC[Sn](CCCC)(CCCC)CN(C[Si](C)(C)C)C(=O)OCC,Cn1cc(C=O)cn1,172.6528126
839,O=Cc1ccc2c(c1)OCC2,CC(C)(OC[Si](C)(C)C)C(=O)ON1C(=O)c2ccccc2C1=O,Cn1nc2ccccc2c1C=O,0.0
281,CC(=O)C1CCOCC1,CCCC[Sn](CCCC)(CCCC)COC[Si](C)(C)C,O=Cc1cc(Cl)cc(Cl)c1,13.61733363
1016,COC(=O)c1ccc(C=O)cc1,C[Si](C)(C)COCC(=O)ON1C(=O)c2ccccc2C1=O,CCC(C=O)CC,0.0
651,O=Cc1cccnc1,C[Si](C)(C)COCC(=O)ON1C(=O)c2ccccc2C1=O,N#Cc1ccc(C=O)cc1,0.276876807
769,CC(C)(C)c1ccc(C=O)cc1,CC(C)(OC[Si](C)(C)C)C(=O)ON1C(=O)c2ccccc2C1=O,O=Cc1ccc(C(F)(F)F)cc1,10.22884433
183,O=Cc1ccc2occc2c1,C[Si](C)(C)COCC(=O)ON1C(=O)c2ccccc2C1=O,O=Cc1ccc(F)cc1Cl,0.49036763
689,O=Cc1ccc(F)cc1Cl,CC(OC[Si](C)(C)C)C(=O)ON1C(=O)c2ccccc2C1=O,O=Cc1cccnc1,6.109803241
478,O=CC1CCN(C(=O)OCc2ccccc2)CC1,CCCC[Sn](CCCC)(CCCC)CN(C[Si](C)(C)C)C(=O)OCC,CCC(C)C=O,96.60148719
111,O=Cc1cc(Cl)cc(Cl)c1,C[Si](C)(C)COCC(=O)ON1C(=O)c2ccccc2C1=O,O=Cc1ccc(F)cc1Cl,6.965106263
990,O=Cc1cccc(Br)c1,C[Si](C)(C)COCC(=O)ON1C(=O)c2ccccc2C1=O,Cc1c(C=O)cnn1-c1ccccc1,1.201055793
1002,O=Cc1ccc(C(F)(F)F)cc1,C[Si](C)(C)COCC(=O)ON1C(=O)c2ccccc2C1=O,Cc1c(C=O)cnn1-c1ccccc1,42.89345197
579,CC(C)(C)c1ccc(C=O)cc1,C[Si](C)(C)COCC(=O)ON1C(=O)c2ccccc2C1=O,N#Cc1ccc(C=O)cc1,43.88079261
534,COC(=O)c1ccc(C=O)cc1,C[Si](C)(C)COCC(=O)ON1C(=O)c2ccccc2C1=O,O=Cc1cnc(-c2ccccc2)nc1,3.876824476
1114,O=Cc1cccc([N+](=O)[O-])c1O,CCCC[Sn](CCCC)(CCCC)CN(C[Si](C)(C)C)C(=O)OCC,COC(=O)N1C=C(C=O)OCC1,0.001003182
914,COC(=O)c1ccc(C=O)cc1,C[Si](C)(C)COCC(=O)ON1C(=O)c2ccccc2C1=O,CC(=O)Nc1ccc(C=O)cc1,0.0
262,O=C(c1ccccc1)C(F)(F)F,CCCC[Sn](CCCC)(CCCC)COC[Si](C)(C)C,CCC(C=O)CC,1.053863394
1112,O=Cc1cccc([N+](=O)[O-])c1O,CCCC[Sn](CCCC)(CCCC)CN(C[Si](C)(C)C)C(=O)OCC,CN1CCCCC(C=O)C1=O,0.005678369
588,CC(C)(C)c1ccc(C=O)cc1,C[Si](C)(C)COCC(=O)ON1C(=O)c2ccccc2C1=O,O=CC1CCCCC1,41.2048942
606,O=Cc1cccc(Br)c1,C[Si](C)(C)COCC(=O)ON1C(=O)c2ccccc2C1=O,O=Cc1ccc(-n2cncn2)cc1,5.256239936
583,CC(C)(C)c1ccc(C=O)cc1,C[Si](C)(C)COCC(=O)ON1C(=O)c2ccccc2C1=O,Cc1c(C=O)cnn1-c1ccccc1,53.22319494
938,O=Cc1cccnc1,C[Si](C)(C)COCC(=O)ON1C(=O)c2ccccc2C1=O,CC(=O)Nc1ccc(C=O)cc1,0.0
138,CC(=O)c1ccc(C=O)cc1,C[Si](C)(C)COCC(=O)ON1C(=O)c2ccccc2C1=O,O=Cc1cocn1,0.130524204
932,N#Cc1ccc(C=O)cc1,C[Si](C)(C)COCC(=O)ON1C(=O)c2ccccc2C1=O,Cn1cc(C=O)cn1,5.658779317
1055,COc1cc2ccccc2cc1C=O,CCCC[Sn](CCCC)(CCCC)COC[Si](C)(C)C,CC(C)(C)OC(=O)n1cnc(C=O)c1,0.008087337
962,CC(C)(C)c1ccc(C=O)cc1,C[Si](C)(C)COCC(=O)ON1C(=O)c2ccccc2C1=O,N#Cc1ccc(C=O)cc1,0.0
618,O=Cc1ccc(C(F)(F)F)cc1,C[Si](C)(C)COCC(=O)ON1C(=O)c2ccccc2C1=O,O=Cc1ccc(-n2cncn2)cc1,4.000742674
715,Cc1cccc(C=O)c1,CC(OC[Si](C)(C)C)C(=O)ON1C(=O)c2ccccc2C1=O,Cc1nn(-c2ccccc2)cc1C=O,42.67377639
835,O=Cc1ccc2c(c1)OCC2,CC(C)(OC[Si](C)(C)C)C(=O)ON1C(=O)c2ccccc2C1=O,O=CC1CCCCC1,0.0
30,O=Cc1cccc(Br)c1,C[Si](C)(C)COCC(=O)ON1C(=O)c2ccccc2C1=O,O=Cc1cnc(-c2ccccc2)nc1,1.788999337
746,Cc1ccc(C=O)cn1,CC(OC[Si](C)(C)C)C(=O)ON1C(=O)c2ccccc2C1=O,O=Cc1ccc(Cl)c(Cl)c1,2.697903998
166,O=Cc1cocn1,C[Si](C)(C)COCC(=O)ON1C(=O)c2ccccc2C1=O,O=CC1CCCCC1,0.0
249,CC(=O)c1ccccc1,CCCC[Sn](CCCC)(CCCC)COC[Si](C)(C)C,CC(C)(C)CC=O,27.1607065
308,O=Cc1cc(Cl)cc(Cl)c1,CCCC[Sn](CCCC)(CCCC)CN(C[Si](C)(C)C)C(=O)OCC,Cn1cc(C=O)cn1,147.8049338
347,COC(=O)c1ccc(C=O)cc1,CCCC[Sn](CCCC)(CCCC)CN(C[Si](C)(C)C)C(=O)OCC,CCCC(C)C=O,235.3604228
335,O=Cc1ccc(C(F)(F)F)cc1,CCCC[Sn](CCCC)(CCCC)CN(C[Si](C)(C)C)C(=O)OCC,CCCC(C)C=O,346.1389298
824,Cc1cccc(C=O)c1,CC(C)(OC[Si](C)(C)C)C(=O)ON1C(=O)c2ccccc2C1=O,O=CCC(F)(F)F,0.0
854,O=Cc1ccc(-c2ccccc2)cc1,CC(C)(OC[Si](C)(C)C)C(=O)ON1C(=O)c2ccccc2C1=O,O=Cc1ccc(F)cc1Cl,2.439390366
943,O=Cc1cccnc1,C[Si](C)(C)COCC(=O)ON1C(=O)c2ccccc2C1=O,Cn1c(C=O)nc2ccccc21,0.0
378,O=Cc1ccc(-c2ccccc2)cc1,CCCC[Sn](CCCC)(CCCC)CN(C[Si](C)(C)C)C(=O)OCC,O=Cc1cnc(-c2ccccc2)nc1,21.60131452
934,N#Cc1ccc(C=O)cc1,C[Si](C)(C)COCC(=O)ON1C(=O)c2ccccc2C1=O,CCCC(C)C=O,0.0
928,N#Cc1ccc(C=O)cc1,C[Si](C)(C)COCC(=O)ON1C(=O)c2ccccc2C1=O,O=Cc1ccc(CN2CCOCC2)cc1,0.0
520,O=Cc1ccc(C(F)(F)F)cc1,C[Si](C)(C)COCC(=O)ON1C(=O)c2ccccc2C1=O,O=Cc1ccc(CN2CCOCC2)cc1,1.711422769
461,O=CC1CCOCC1,CCCC[Sn](CCCC)(CCCC)CN(C[Si](C)(C)C)C(=O)OCC,O=Cc1ccncc1,0.0
723,CC(=O)c1ccc(C=O)cc1,CC(OC[Si](C)(C)C)C(=O)ON1C(=O)c2ccccc2C1=O,CC(C)(C)c1ccc(C=O)cc1,0.0
623,O=Cc1ccc(C(F)(F)F)cc1,C[Si](C)(C)COCC(=O)ON1C(=O)c2ccccc2C1=O,CC(C)(C)CC=O,0.0
66,N#Cc1ccc(C=O)cc1,C[Si](C)(C)COCC(=O)ON1C(=O)c2ccccc2C1=O,O=Cc1cnc(-c2ccccc2)nc1,4.86029439
424,CC(C)CC=O,CCCC[Sn](CCCC)(CCCC)CN(C[Si](C)(C)C)C(=O)OCC,COc1cccc(C=O)c1,27.56819468
507,O=Cc1cccc(Br)c1,C[Si](C)(C)COCC(=O)ON1C(=O)c2ccccc2C1=O,N#Cc1cc(C=O)ccc1F,17.61509855
1040,O=Cc1cccnc1,C[Si](C)(C)COCC(=O)ON1C(=O)c2ccccc2C1=O,CCC(C=O)CC,0.0
916,COC(=O)c1ccc(C=O)cc1,C[Si](C)(C)COCC(=O)ON1C(=O)c2ccccc2C1=O,O=Cc1ccc(CN2CCOCC2)cc1,1.652553164
255,O=C(c1ccccc1)C(F)(F)F,CCCC[Sn](CCCC)(CCCC)COC[Si](C)(C)C,N#Cc1ccccc1C=O,0.0
859,O=Cc1ccc(-c2ccccc2)cc1,CC(C)(OC[Si](C)(C)C)C(=O)ON1C(=O)c2ccccc2C1=O,O=CC1CCCCC1,28.09160894
313,O=Cc1cccc(Br)c1,CCCC[Sn](CCCC)(CCCC)CN(C[Si](C)(C)C)C(=O)OCC,O=Cc1ccc(Cl)cc1,189.9050296
436,O=CC1CCC1,CCCC[Sn](CCCC)(CCCC)CN(C[Si](C)(C)C)C(=O)OCC,COc1cccc(C=O)c1,258.9169954
222,O=C1CCOC1,CCCC[Sn](CCCC)(CCCC)COC[Si](C)(C)C,O=Cc1ccc(F)cc1Cl,5.38008726
236,O=C1CCOc2ccccc21,CCCC[Sn](CCCC)(CCCC)COC[Si](C)(C)C,Cn1cc(C=O)cn1,8.768709869
900,O=Cc1cccc(Br)c1,C[Si](C)(C)COCC(=O)ON1C(=O)c2ccccc2C1=O,O=CC1CCCCC1,34.45504742
1034,O=Cc1cccnc1,C[Si](C)(C)COCC(=O)ON1C(=O)c2ccccc2C1=O,N#Cc1ccc(C=O)cc1,0.0
306,O=Cc1cc(Cl)cc(Cl)c1,CCCC[Sn](CCCC)(CCCC)CN(C[Si](C)(C)C)C(=O)OCC,O=Cc1cnc(-c2ccccc2)nc1,5.519193428
412,CC(C)(C)C=O,CCCC[Sn](CCCC)(CCCC)CN(C[Si](C)(C)C)C(=O)OCC,COc1cccc(C=O)c1,41.75565912
697,O=Cc1cccc(Cl)c1,CC(OC[Si](C)(C)C)C(=O)ON1C(=O)c2ccccc2C1=O,O=Cc1ccc(C(F)(F)F)cc1,0.976564367
1092,COc1ccnc(C=O)c1,CCCC[Sn](CCCC)(CCCC)COC[Si](C)(C)C,Cc1ccc(C=O)c(O)c1,0.016447581
250,CC(=O)c1ccccc1,CCCC[Sn](CCCC)(CCCC)COC[Si](C)(C)C,CCC(C=O)CC,16.82951942
823,Cc1cccc(C=O)c1,CC(C)(OC[Si](C)(C)C)C(=O)ON1C(=O)c2ccccc2C1=O,O=CC1CCCCC1,0.0
535,COC(=O)c1ccc(C=O)cc1,C[Si](C)(C)COCC(=O)ON1C(=O)c2ccccc2C1=O,Cn1c(C=O)nc2ccccc21,0.589958621
72,N#Cc1ccc(C=O)cc1,C[Si](C)(C)COCC(=O)ON1C(=O)c2ccccc2C1=O,O=CC1CCCCC1,26.52123384
95,O=Cc1ccc(-c2ccccn2)cc1,C[Si](C)(C)COCC(=O)ON1C(=O)c2ccccc2C1=O,CCCC(C)C=O,2.504955611
1128,C=CCOc1ccc(C=O)cc1,CCCC[Sn](CCCC)(CCCC)COC[Si](C)(C)C,Cc1ccc(C=O)c(O)c1,0.019538295
34,O=Cc1cccc(Br)c1,C[Si](C)(C)COCC(=O)ON1C(=O)c2ccccc2C1=O,O=CC1CCCC1,25.06063937
774,CC(C)(C)c1ccc(C=O)cc1,CC(C)(OC[Si](C)(C)C)C(=O)ON1C(=O)c2ccccc2C1=O,CCCC(C)C=O,0.0
825,Cc1cccc(C=O)c1,CC(C)(OC[Si](C)(C)C)C(=O)ON1C(=O)c2ccccc2C1=O,O=Cc1ccc(N2CCCC2)cc1,0.0
260,O=C(c1ccccc1)C(F)(F)F,CCCC[Sn](CCCC)(CCCC)COC[Si](C)(C)C,Cn1cc(C=O)cn1,0.897489845
205,O=C1CCC(c2ccccc2)CC1,CCCC[Sn](CCCC)(CCCC)COC[Si](C)(C)C,O=Cc1ccc(C(F)(F)F)cc1,63.81944164
514,O=Cc1cccc(Br)c1,C[Si](C)(C)COCC(=O)ON1C(=O)c2ccccc2C1=O,CCCC(C)C=O,18.29662188
744,CC(=O)Nc1ccc(C=O)cc1,CC(OC[Si](C)(C)C)C(=O)ON1C(=O)c2ccccc2C1=O,O=CC1CCCCC1,3.26692298
494,O=Cc1cc(Cl)cc(Cl)c1,C[Si](C)(C)COCC(=O)ON1C(=O)c2ccccc2C1=O,CC(=O)Nc1ccc(C=O)cc1,0.248055082
366,O=Cc1cccnc1,CCCC[Sn](CCCC)(CCCC)CN(C[Si](C)(C)C)C(=O)OCC,O=Cc1cnc(-c2ccccc2)nc1,1.588132844
78,O=Cc1cccnc1,C[Si](C)(C)COCC(=O)ON1C(=O)c2ccccc2C1=O,O=Cc1cnc(-c2ccccc2)nc1,0.0
85,O=Cc1ccc(-c2ccccn2)cc1,C[Si](C)(C)COCC(=O)ON1C(=O)c2ccccc2C1=O,O=Cc1ccc(Cl)cc1,2.80159058
458,O=CC1CCOCC1,CCCC[Sn](CCCC)(CCCC)CN(C[Si](C)(C)C)C(=O)OCC,CC(=O)c1ccc(C=O)cc1,6.712858926
83,O=Cc1cccnc1,C[Si](C)(C)COCC(=O)ON1C(=O)c2ccccc2C1=O,CCCC(C)C=O,0.0
1091,COc1ccnc(C=O)c1,CCCC[Sn](CCCC)(CCCC)COC[Si](C)(C)C,CC(C)(C)OC(=O)n1cnc(C=O)c1,0.010123474
555,O=Cc1cccnc1,C[Si](C)(C)COCC(=O)ON1C(=O)c2ccccc2C1=O,N#Cc1cc(C=O)ccc1F,0.0
818,Cc1cccc(C=O)c1,CC(C)(OC[Si](C)(C)C)C(=O)ON1C(=O)c2ccccc2C1=O,O=Cc1ccc(F)cc1Cl,0.14698647
666,O=Cc1ccc(-c2ccccc2)cc1,C[Si](C)(C)COCC(=O)ON1C(=O)c2ccccc2C1=O,O=Cc1ccc(-n2cncn2)cc1,27.98104824
1138,C=CCOc1ccc(C=O)cc1,CCCC[Sn](CCCC)(CCCC)CN(C[Si](C)(C)C)C(=O)OCC,COC(=O)N1C=C(C=O)OCC1,0.091726032
480,O=CC1CCN(C(=O)OCc2ccccc2)CC1,CCCC[Sn](CCCC)(CCCC)CN(C[Si](C)(C)C)C(=O)OCC,O=CC1CCOCC1,98.61236943
1051,O=Cc1ccc(-c2ccccc2)cc1,C[Si](C)(C)COCC(=O)ON1C(=O)c2ccccc2C1=O,CCC(C=O)CC,1.13022508
351,N#Cc1ccc(C=O)cc1,CCCC[Sn](CCCC)(CCCC)CN(C[Si](C)(C)C)C(=O)OCC,N#Cc1cc(C=O)ccc1F,135.6436418
443,O=CC1CCC1,CCCC[Sn](CCCC)(CCCC)CN(C[Si](C)(C)C)C(=O)OCC,O=CC1CCOC1,50.28842505
6,CC(C)(C)c1ccc(C=O)cc1,C[Si](C)(C)COCC(=O)ON1C(=O)c2ccccc2C1=O,O=Cc1cnc(-c2ccccc2)nc1,9.021123579
311,O=Cc1cc(Cl)cc(Cl)c1,CCCC[Sn](CCCC)(CCCC)CN(C[Si](C)(C)C)C(=O)OCC,CCCC(C)C=O,237.6689162
405,O=CC1CC1,CCCC[Sn](CCCC)(CCCC)CN(C[Si](C)(C)C)C(=O)OCC,CCC(C=O)CC,97.77468896
963,CC(C)(C)c1ccc(C=O)cc1,C[Si](C)(C)COCC(=O)ON1C(=O)c2ccccc2C1=O,Cc1ccc(C=O)cc1,54.49524567
867,CC(C)(C)c1ccc(C=O)cc1,C[Si](C)(C)COCC(=O)ON1C(=O)c2ccccc2C1=O,N#Cc1cc(C=O)ccc1F,0.0
105,CC(C)(C)c1cc(C=O)cc(C(C)(C)C)c1,C[Si](C)(C)COCC(=O)ON1C(=O)c2ccccc2C1=O,O=CC1CC1,17.15851937
98,CC(C)(C)c1cc(C=O)cc(C(C)(C)C)c1,C[Si](C)(C)COCC(=O)ON1C(=O)c2ccccc2C1=O,O=Cc1ccc(Cl)c(Cl)c1,59.90463219
426,CC(C)CC=O,CCCC[Sn](CCCC)(CCCC)CN(C[Si](C)(C)C)C(=O)OCC,Cc1ccc(C=O)cn1,11.65645262
862,O=Cc1ccc(-c2ccccc2)cc1,CC(C)(OC[Si](C)(C)C)C(=O)ON1C(=O)c2ccccc2C1=O,O=Cc1nccs1,0.546308843
315,O=Cc1cccc(Br)c1,CCCC[Sn](CCCC)(CCCC)CN(C[Si](C)(C)C)C(=O)OCC,N#Cc1cc(C=O)ccc1F,127.9317827
550,N#Cc1ccc(C=O)cc1,C[Si](C)(C)COCC(=O)ON1C(=O)c2ccccc2C1=O,CCCC(C)C=O,3.206989807
546,N#Cc1ccc(C=O)cc1,C[Si](C)(C)COCC(=O)ON1C(=O)c2ccccc2C1=O,O=Cc1cnc(-c2ccccc2)nc1,3.782350822
63,N#Cc1ccc(C=O)cc1,C[Si](C)(C)COCC(=O)ON1C(=O)c2ccccc2C1=O,N#Cc1cc(C=O)ccc1F,17.83082343
282,CC(=O)C1CCOCC1,CCCC[Sn](CCCC)(CCCC)COC[Si](C)(C)C,O=Cc1ccc(F)cc1Cl,16.79770226
945,O=Cc1cccnc1,C[Si](C)(C)COCC(=O)ON1C(=O)c2ccccc2C1=O,CCC(C=O)CC,0.371735195
267,CC(=O)C1CCCCC1,CCCC[Sn](CCCC)(CCCC)COC[Si](C)(C)C,N#Cc1ccccc1C=O,17.89533345
600,O=Cc1cc(Cl)cc(Cl)c1,C[Si](C)(C)COCC(=O)ON1C(=O)c2ccccc2C1=O,O=CC1CCCCC1,25.44677888
239,O=C1CCOc2ccccc21,CCCC[Sn](CCCC)(CCCC)COC[Si](C)(C)C,O=CC1CCC1,1.394341193
483,CC(C)(C)c1ccc(C=O)cc1,C[Si](C)(C)COCC(=O)ON1C(=O)c2ccccc2C1=O,N#Cc1cc(C=O)ccc1F,52.93606475
146,O=Cc1cccnc1,C[Si](C)(C)COCC(=O)ON1C(=O)c2ccccc2C1=O,O=Cc1ccc(Cl)c(Cl)c1,1.285991332
1072,CC(C)Cc1ccc(C=O)cc1,CCCC[Sn](CCCC)(CCCC)COC[Si](C)(C)C,CC(C)(C)c1cccc(C=O)c1O,0.0824931
491,CC(C)(C)c1ccc(C=O)cc1,C[Si](C)(C)COCC(=O)ON1C(=O)c2ccccc2C1=O,O=CC1CCCC1,45.5208952
669,O=Cc1ccc(-c2ccccc2)cc1,C[Si](C)(C)COCC(=O)ON1C(=O)c2ccccc2C1=O,CCC(C=O)CC,12.40705969
119,O=Cc1cc(Cl)cc(Cl)c1,C[Si](C)(C)COCC(=O)ON1C(=O)c2ccccc2C1=O,CCC(C=O)CC,53.2500621
724,CC(=O)c1ccc(C=O)cc1,CC(OC[Si](C)(C)C)C(=O)ON1C(=O)c2ccccc2C1=O,O=Cc1ccc(O)cc1,0.0
671,O=Cc1ccc(-c2ccccc2)cc1,C[Si](C)(C)COCC(=O)ON1C(=O)c2ccccc2C1=O,CC(C)(C)CC=O,22.24784445
251,CC(=O)c1ccccc1,CCCC[Sn](CCCC)(CCCC)COC[Si](C)(C)C,O=CC1CCC1,12.01274877
1108,O=Cc1cccc([N+](=O)[O-])c1O,CCCC[Sn](CCCC)(CCCC)COC[Si](C)(C)C,CC(C)(C)c1cccc(C=O)c1O,0.003069054
286,CC(=O)C1CCOCC1,CCCC[Sn](CCCC)(CCCC)COC[Si](C)(C)C,CCC(C=O)CC,7.694467492
312,O=Cc1cc(Cl)cc(Cl)c1,CCCC[Sn](CCCC)(CCCC)CN(C[Si](C)(C)C)C(=O)OCC,O=CC1CCCCC1,415.3012484
10,CC(C)(C)c1ccc(C=O)cc1,C[Si](C)(C)COCC(=O)ON1C(=O)c2ccccc2C1=O,O=CC1CCCC1,25.01153801
800,O=Cc1ccc(Cl)c(Cl)c1,CC(C)(OC[Si](C)(C)C)C(=O)ON1C(=O)c2ccccc2C1=O,O=CCC(F)(F)F,0.0
303,O=Cc1cc(Cl)cc(Cl)c1,CCCC[Sn](CCCC)(CCCC)CN(C[Si](C)(C)C)C(=O)OCC,N#Cc1cc(C=O)ccc1F,167.8640977
197,O=C1CCOCC1,CCCC[Sn](CCCC)(CCCC)COC[Si](C)(C)C,O=Cc1cc(Cl)cc(Cl)c1,34.56171768
784,O=Cc1cccc(F)c1,CC(C)(OC[Si](C)(C)C)C(=O)ON1C(=O)c2ccccc2C1=O,O=Cc1ccc(O)cc1,12.54764671
371,O=Cc1cccnc1,CCCC[Sn](CCCC)(CCCC)CN(C[Si](C)(C)C)C(=O)OCC,CCCC(C)C=O,41.28642122
82,O=Cc1cccnc1,C[Si](C)(C)COCC(=O)ON1C(=O)c2ccccc2C1=O,O=CC1CCCC1,0.0
390,CC(C)C=O,CCCC[Sn](CCCC)(CCCC)CN(C[Si](C)(C)C)C(=O)OCC,Cc1ccc(C=O)cn1,4.896026386
582,CC(C)(C)c1ccc(C=O)cc1,C[Si](C)(C)COCC(=O)ON1C(=O)c2ccccc2C1=O,O=Cc1ccc(-n2cncn2)cc1,33.79089308
1001,O=Cc1ccc(C(F)(F)F)cc1,C[Si](C)(C)COCC(=O)ON1C(=O)c2ccccc2C1=O,O=Cc1ccc(-n2cncn2)cc1,14.75281608
802,O=Cc1ccc(Cl)c(Cl)c1,CC(C)(OC[Si](C)(C)C)C(=O)ON1C(=O)c2ccccc2C1=O,O=Cc1nccs1,0.0
630,COC(=O)c1ccc(C=O)cc1,C[Si](C)(C)COCC(=O)ON1C(=O)c2ccccc2C1=O,O=Cc1ccc(-n2cncn2)cc1,3.745830305
622,O=Cc1ccc(C(F)(F)F)cc1,C[Si](C)(C)COCC(=O)ON1C(=O)c2ccccc2C1=O,O=CC1CCC1,10.22974653
240,O=C1CCOc2ccccc21,CCCC[Sn](CCCC)(CCCC)COC[Si](C)(C)C,O=CC1CCOCC1,3.585799752
465,O=CC1CCOCC1,CCCC[Sn](CCCC)(CCCC)CN(C[Si](C)(C)C)C(=O)OCC,CCC(C=O)CC,144.8830736
212,O=C1CCC(c2ccccc2)CC1,CCCC[Sn](CCCC)(CCCC)COC[Si](C)(C)C,Cn1cc(C=O)cn1,15.02923879
644,N#Cc1ccc(C=O)cc1,C[Si](C)(C)COCC(=O)ON1C(=O)c2ccccc2C1=O,O=CC1CC1,8.469474398
923,COC(=O)c1ccc(C=O)cc1,C[Si](C)(C)COCC(=O)ON1C(=O)c2ccccc2C1=O,O=CC1CCCC1,5.269206794
145,O=Cc1cccnc1,C[Si](C)(C)COCC(=O)ON1C(=O)c2ccccc2C1=O,Cc1cccc(C=O)c1,1.548215216
690,O=Cc1ccc(F)cc1Cl,CC(OC[Si](C)(C)C)C(=O)ON1C(=O)c2ccccc2C1=O,O=Cc1ccc(-c2ccccn2)cc1,3.504584179
993,O=Cc1cccc(Br)c1,C[Si](C)(C)COCC(=O)ON1C(=O)c2ccccc2C1=O,O=CC1CCC1,0.0
616,O=Cc1ccc(C(F)(F)F)cc1,C[Si](C)(C)COCC(=O)ON1C(=O)c2ccccc2C1=O,Cc1ccc(C=O)cc1,2.518148538
228,O=C1CCOC1,CCCC[Sn](CCCC)(CCCC)COC[Si](C)(C)C,O=CC1CCOCC1,0.491767412
1062,COc1cc2ccccc2cc1C=O,CCCC[Sn](CCCC)(CCCC)CN(C[Si](C)(C)C)C(=O)OCC,O=Cc1cc(O)c(O)c(Cl)c1,1.011239438
667,O=Cc1ccc(-c2ccccc2)cc1,C[Si](C)(C)COCC(=O)ON1C(=O)c2ccccc2C1=O,Cc1c(C=O)cnn1-c1ccccc1,3.734843028
536,COC(=O)c1ccc(C=O)cc1,C[Si](C)(C)COCC(=O)ON1C(=O)c2ccccc2C1=O,Cn1cc(C=O)cn1,14.57581456
1019,COC(=O)c1ccc(C=O)cc1,C[Si](C)(C)COCC(=O)ON1C(=O)c2ccccc2C1=O,O=CC1CCCCC1,0.0
178,O=Cc1ccc2ccccc2c1,C[Si](C)(C)COCC(=O)ON1C(=O)c2ccccc2C1=O,O=CC1CCCCC1,0.389728097
1110,O=Cc1cccc([N+](=O)[O-])c1O,CCCC[Sn](CCCC)(CCCC)CN(C[Si](C)(C)C)C(=O)OCC,O=Cc1cc(O)c(O)c(Cl)c1,0.0
741,CC(=O)Nc1ccc(C=O)cc1,CC(OC[Si](C)(C)C)C(=O)ON1C(=O)c2ccccc2C1=O,CCC(C=O)CC,5.389643435
136,CC(=O)c1ccc(C=O)cc1,C[Si](C)(C)COCC(=O)ON1C(=O)c2ccccc2C1=O,COc1ccc(C=O)cc1Br,0.336064431
632,COC(=O)c1ccc(C=O)cc1,C[Si](C)(C)COCC(=O)ON1C(=O)c2ccccc2C1=O,O=CC1CC1,32.15163504
591,O=Cc1cc(Cl)cc(Cl)c1,C[Si](C)(C)COCC(=O)ON1C(=O)c2ccccc2C1=O,N#Cc1ccc(C=O)cc1,10.75001843
524,O=Cc1ccc(C(F)(F)F)cc1,C[Si](C)(C)COCC(=O)ON1C(=O)c2ccccc2C1=O,Cn1cc(C=O)cn1,17.45245342
1145,O=Cc1cccc(C(F)(F)F)c1,CCCC[Sn](CCCC)(CCCC)CN(C[Si](C)(C)C)C(=O)OCC,Cc1nc(N(C)C)sc1C=O,0.772108064
8,CC(C)(C)c1ccc(C=O)cc1,C[Si](C)(C)COCC(=O)ON1C(=O)c2ccccc2C1=O,Cn1cc(C=O)cn1,8.429116422
890,O=Cc1cccc(Br)c1,C[Si](C)(C)COCC(=O)ON1C(=O)c2ccccc2C1=O,CC(=O)Nc1ccc(C=O)cc1,6.047135108
156,O=Cc1cccnc1,C[Si](C)(C)COCC(=O)ON1C(=O)c2ccccc2C1=O,O=CCC(F)(F)F,0.0
761,O=Cc1ccc2ccccc2c1,CC(OC[Si](C)(C)C)C(=O)ON1C(=O)c2ccccc2C1=O,O=Cc1cccnc1,4.826196556
834,O=Cc1ccc2c(c1)OCC2,CC(C)(OC[Si](C)(C)C)C(=O)ON1C(=O)c2ccccc2C1=O,CCCC(C)C=O,0.0
358,N#Cc1ccc(C=O)cc1,CCCC[Sn](CCCC)(CCCC)CN(C[Si](C)(C)C)C(=O)OCC,O=CC1CCCC1,123.8482967
528,O=Cc1ccc(C(F)(F)F)cc1,C[Si](C)(C)COCC(=O)ON1C(=O)c2ccccc2C1=O,O=CC1CCCCC1,40.70083382
733,CC(=O)Nc1ccc(C=O)cc1,CC(OC[Si](C)(C)C)C(=O)ON1C(=O)c2ccccc2C1=O,O=Cc1ccc(C(F)(F)F)cc1,13.28115123
224,O=C1CCOC1,CCCC[Sn](CCCC)(CCCC)COC[Si](C)(C)C,Cn1cc(C=O)cn1,1.099120474
330,O=Cc1ccc(C(F)(F)F)cc1,CCCC[Sn](CCCC)(CCCC)CN(C[Si](C)(C)C)C(=O)OCC,O=Cc1cnc(-c2ccccc2)nc1,48.11267974
742,CC(=O)Nc1ccc(C=O)cc1,CC(OC[Si](C)(C)C)C(=O)ON1C(=O)c2ccccc2C1=O,O=CC1CCCC1,0.09164869
459,O=CC1CCOCC1,CCCC[Sn](CCCC)(CCCC)CN(C[Si](C)(C)C)C(=O)OCC,O=Cc1ccc(O)cc1,12.70031657
502,O=Cc1cc(Cl)cc(Cl)c1,C[Si](C)(C)COCC(=O)ON1C(=O)c2ccccc2C1=O,CCCC(C)C=O,7.015431615
1030,N#Cc1ccc(C=O)cc1,C[Si](C)(C)COCC(=O)ON1C(=O)c2ccccc2C1=O,CC(C)(C)CC=O,30.80589866
847,O=Cc1ccc(N2CCCC2)cc1,CC(C)(OC[Si](C)(C)C)C(=O)ON1C(=O)c2ccccc2C1=O,O=CC1CCCCC1,0.0
997,O=Cc1ccc(C(F)(F)F)cc1,C[Si](C)(C)COCC(=O)ON1C(=O)c2ccccc2C1=O,COc1ccc(C=O)cc1,3.76283838
614,O=Cc1ccc(C(F)(F)F)cc1,C[Si](C)(C)COCC(=O)ON1C(=O)c2ccccc2C1=O,COc1ccc(C=O)cc1,12.11981883
731,CC(=O)c1ccc(C=O)cc1,CC(OC[Si](C)(C)C)C(=O)ON1C(=O)c2ccccc2C1=O,CC(C)(C)CC=O,0.0
846,O=Cc1ccc(N2CCCC2)cc1,CC(C)(OC[Si](C)(C)C)C(=O)ON1C(=O)c2ccccc2C1=O,CCCC(C)C=O,0.0
526,O=Cc1ccc(C(F)(F)F)cc1,C[Si](C)(C)COCC(=O)ON1C(=O)c2ccccc2C1=O,CCCC(C)C=O,9.000958536
1047,O=Cc1ccc(-c2ccccc2)cc1,C[Si](C)(C)COCC(=O)ON1C(=O)c2ccccc2C1=O,Cc1ccc(C=O)cn1,1.221271848
1129,C=CCOc1ccc(C=O)cc1,CCCC[Sn](CCCC)(CCCC)COC[Si](C)(C)C,Cn1cnc2cc(C=O)ccc21,1.107420344
1109,O=Cc1cccc([N+](=O)[O-])c1O,CCCC[Sn](CCCC)(CCCC)CN(C[Si](C)(C)C)C(=O)OCC,Cc1nc(N(C)C)sc1C=O,0.003288257
734,CC(=O)Nc1ccc(C=O)cc1,CC(OC[Si](C)(C)C)C(=O)ON1C(=O)c2ccccc2C1=O,O=Cc1ccc(Cl)c(Cl)c1,1.475014931
597,O=Cc1cc(Cl)cc(Cl)c1,C[Si](C)(C)COCC(=O)ON1C(=O)c2ccccc2C1=O,CCC(C=O)CC,1.629607356
679,Cc1ccc(C=O)cc1,CC(OC[Si](C)(C)C)C(=O)ON1C(=O)c2ccccc2C1=O,Cc1nn(-c2ccccc2)cc1C=O,27.71128717
1094,COc1ccnc(C=O)c1,CCCC[Sn](CCCC)(CCCC)COC[Si](C)(C)C,O=Cc1ccc2c(c1)OCCO2,0.034673553
441,O=CC1CCC1,CCCC[Sn](CCCC)(CCCC)CN(C[Si](C)(C)C)C(=O)OCC,CCC(C=O)CC,229.1472307
754,Cc1ccc(C=O)cn1,CC(OC[Si](C)(C)C)C(=O)ON1C(=O)c2ccccc2C1=O,O=CC1CCCC1,0.184073772
911,O=Cc1ccc(C(F)(F)F)cc1,C[Si](C)(C)COCC(=O)ON1C(=O)c2ccccc2C1=O,O=CC1CCCC1,15.59163714
860,O=Cc1ccc(-c2ccccc2)cc1,CC(C)(OC[Si](C)(C)C)C(=O)ON1C(=O)c2ccccc2C1=O,O=CCC(F)(F)F,0.0
164,O=Cc1cocn1,C[Si](C)(C)COCC(=O)ON1C(=O)c2ccccc2C1=O,Cn1cc(C=O)cn1,0.0
229,O=C1CCOc2ccccc21,CCCC[Sn](CCCC)(CCCC)COC[Si](C)(C)C,O=Cc1ccc(C(F)(F)F)cc1,6.01530928
542,N#Cc1ccc(C=O)cc1,C[Si](C)(C)COCC(=O)ON1C(=O)c2ccccc2C1=O,CC(=O)Nc1ccc(C=O)cc1,4.68983252
939,O=Cc1cccnc1,C[Si](C)(C)COCC(=O)ON1C(=O)c2ccccc2C1=O,N#Cc1cc(C=O)ccc1F,0.0
213,O=C1CCC(c2ccccc2)CC1,CCCC[Sn](CCCC)(CCCC)COC[Si](C)(C)C,CC(C)(C)CC=O,17.08917412
982,O=Cc1cc(Cl)cc(Cl)c1,C[Si](C)(C)COCC(=O)ON1C(=O)c2ccccc2C1=O,CC(C)(C)CC=O,0.0
80,O=Cc1cccnc1,C[Si](C)(C)COCC(=O)ON1C(=O)c2ccccc2C1=O,Cn1cc(C=O)cn1,0.0
149,O=Cc1cccnc1,C[Si](C)(C)COCC(=O)ON1C(=O)c2ccccc2C1=O,O=Cc1cccnc1,0.0
532,COC(=O)c1ccc(C=O)cc1,C[Si](C)(C)COCC(=O)ON1C(=O)c2ccccc2C1=O,O=Cc1ccc(CN2CCOCC2)cc1,1.426423981
530,COC(=O)c1ccc(C=O)cc1,C[Si](C)(C)COCC(=O)ON1C(=O)c2ccccc2C1=O,CC(=O)Nc1ccc(C=O)cc1,8.032316577
134,CC(=O)c1ccc(C=O)cc1,C[Si](C)(C)COCC(=O)ON1C(=O)c2ccccc2C1=O,O=Cc1ccc(Cl)c(Cl)c1,3.982957589
853,O=Cc1ccc(-c2ccccc2)cc1,CC(C)(OC[Si](C)(C)C)C(=O)ON1C(=O)c2ccccc2C1=O,O=Cc1ccc(C(F)(F)F)cc1,7.652342483
409,CC(C)(C)C=O,CCCC[Sn](CCCC)(CCCC)CN(C[Si](C)(C)C)C(=O)OCC,O=Cc1ccc(F)cc1,69.30157222
1057,COc1cc2ccccc2cc1C=O,CCCC[Sn](CCCC)(CCCC)COC[Si](C)(C)C,Cn1cnc2cc(C=O)ccc21,0.610348791
508,O=Cc1cccc(Br)c1,C[Si](C)(C)COCC(=O)ON1C(=O)c2ccccc2C1=O,O=Cc1ccc(CN2CCOCC2)cc1,2.535913978
787,O=Cc1cccc(F)c1,CC(C)(OC[Si](C)(C)C)C(=O)ON1C(=O)c2ccccc2C1=O,O=CC1CCCCC1,0.540659204
505,O=Cc1cccc(Br)c1,C[Si](C)(C)COCC(=O)ON1C(=O)c2ccccc2C1=O,O=Cc1ccc(Cl)cc1,43.84967441
714,Cc1cccc(C=O)c1,CC(OC[Si](C)(C)C)C(=O)ON1C(=O)c2ccccc2C1=O,O=Cc1ccc(-c2ccccn2)cc1,5.603391154
1010,COC(=O)c1ccc(C=O)cc1,C[Si](C)(C)COCC(=O)ON1C(=O)c2ccccc2C1=O,N#Cc1ccc(C=O)cc1,46.67833963
967,CC(C)(C)c1ccc(C=O)cc1,C[Si](C)(C)COCC(=O)ON1C(=O)c2ccccc2C1=O,O=CC1CC1,0.0
1,CC(C)(C)c1ccc(C=O)cc1,C[Si](C)(C)COCC(=O)ON1C(=O)c2ccccc2C1=O,O=Cc1ccc(Cl)cc1,76.41316492
361,O=Cc1cccnc1,CCCC[Sn](CCCC)(CCCC)CN(C[Si](C)(C)C)C(=O)OCC,O=Cc1ccc(Cl)cc1,18.62360841
994,O=Cc1cccc(Br)c1,C[Si](C)(C)COCC(=O)ON1C(=O)c2ccccc2C1=O,CC(C)(C)CC=O,0.0
476,O=CC1CCN(C(=O)OCc2ccccc2)CC1,CCCC[Sn](CCCC)(CCCC)CN(C[Si](C)(C)C)C(=O)OCC,O=Cc1nccs1,30.21937058
702,O=Cc1cccc(Cl)c1,CC(OC[Si](C)(C)C)C(=O)ON1C(=O)c2ccccc2C1=O,O=Cc1ccc(-c2ccccn2)cc1,8.639142915
849,O=Cc1ccc(N2CCCC2)cc1,CC(C)(OC[Si](C)(C)C)C(=O)ON1C(=O)c2ccccc2C1=O,O=Cc1ccc(N2CCCC2)cc1,0.0
173,O=Cc1ccc2ccccc2c1,C[Si](C)(C)COCC(=O)ON1C(=O)c2ccccc2C1=O,O=Cc1cccnc1,10.67771198
451,O=CC1CCCCC1,CCCC[Sn](CCCC)(CCCC)CN(C[Si](C)(C)C)C(=O)OCC,Cc1cc(C=O)no1,0.0
126,O=Cc1cccc(Br)c1,C[Si](C)(C)COCC(=O)ON1C(=O)c2ccccc2C1=O,O=Cc1cocn1,2.425800926
1027,N#Cc1ccc(C=O)cc1,C[Si](C)(C)COCC(=O)ON1C(=O)c2ccccc2C1=O,O=CC1CC1,0.0
531,COC(=O)c1ccc(C=O)cc1,C[Si](C)(C)COCC(=O)ON1C(=O)c2ccccc2C1=O,N#Cc1cc(C=O)ccc1F,23.83925727
91,O=Cc1ccc(-c2ccccn2)cc1,C[Si](C)(C)COCC(=O)ON1C(=O)c2ccccc2C1=O,Cn1c(C=O)nc2ccccc21,0.0
1113,O=Cc1cccc([N+](=O)[O-])c1O,CCCC[Sn](CCCC)(CCCC)CN(C[Si](C)(C)C)C(=O)OCC,O=CC1CCN(c2ccccc2)C1,0.014947692
182,O=Cc1ccc2occc2c1,C[Si](C)(C)COCC(=O)ON1C(=O)c2ccccc2C1=O,O=Cc1ccc(Cl)c(Cl)c1,0.84483035
598,O=Cc1cc(Cl)cc(Cl)c1,C[Si](C)(C)COCC(=O)ON1C(=O)c2ccccc2C1=O,O=CC1CCC1,22.8195279
897,O=Cc1cccc(Br)c1,C[Si](C)(C)COCC(=O)ON1C(=O)c2ccccc2C1=O,CCC(C=O)CC,6.398771228
252,CC(=O)c1ccccc1,CCCC[Sn](CCCC)(CCCC)COC[Si](C)(C)C,O=CC1CCOCC1,6.628805321
70,N#Cc1ccc(C=O)cc1,C[Si](C)(C)COCC(=O)ON1C(=O)c2ccccc2C1=O,O=CC1CCCC1,21.98156884
132,O=Cc1cccc(Br)c1,C[Si](C)(C)COCC(=O)ON1C(=O)c2ccccc2C1=O,O=CCC(F)(F)F,0.094956054
301,O=Cc1cc(Cl)cc(Cl)c1,CCCC[Sn](CCCC)(CCCC)CN(C[Si](C)(C)C)C(=O)OCC,O=Cc1ccc(Cl)cc1,6.188145367
637,N#Cc1ccc(C=O)cc1,C[Si](C)(C)COCC(=O)ON1C(=O)c2ccccc2C1=O,O=Cc1ccc(F)cc1,0.366135576
327,O=Cc1ccc(C(F)(F)F)cc1,CCCC[Sn](CCCC)(CCCC)CN(C[Si](C)(C)C)C(=O)OCC,N#Cc1cc(C=O)ccc1F,206.4455296
912,O=Cc1ccc(C(F)(F)F)cc1,C[Si](C)(C)COCC(=O)ON1C(=O)c2ccccc2C1=O,O=CC1CCCCC1,95.82812694
500,O=Cc1cc(Cl)cc(Cl)c1,C[Si](C)(C)COCC(=O)ON1C(=O)c2ccccc2C1=O,Cn1cc(C=O)cn1,35.61504622
603,O=Cc1cccc(Br)c1,C[Si](C)(C)COCC(=O)ON1C(=O)c2ccccc2C1=O,N#Cc1ccc(C=O)cc1,4.198843482
826,Cc1cccc(C=O)c1,CC(C)(OC[Si](C)(C)C)C(=O)ON1C(=O)c2ccccc2C1=O,O=Cc1nccs1,0.0
496,O=Cc1cc(Cl)cc(Cl)c1,C[Si](C)(C)COCC(=O)ON1C(=O)c2ccccc2C1=O,O=Cc1ccc(CN2CCOCC2)cc1,7.476011994
339,COC(=O)c1ccc(C=O)cc1,CCCC[Sn](CCCC)(CCCC)CN(C[Si](C)(C)C)C(=O)OCC,N#Cc1cc(C=O)ccc1F,70.79282511
909,O=Cc1ccc(C(F)(F)F)cc1,C[Si](C)(C)COCC(=O)ON1C(=O)c2ccccc2C1=O,CCC(C=O)CC,0.945923576
165,O=Cc1cocn1,C[Si](C)(C)COCC(=O)ON1C(=O)c2ccccc2C1=O,O=CC1CC1,0.0
29,O=Cc1cccc(Br)c1,C[Si](C)(C)COCC(=O)ON1C(=O)c2ccccc2C1=O,O=Cc1cccnc1,0.0
517,O=Cc1ccc(C(F)(F)F)cc1,C[Si](C)(C)COCC(=O)ON1C(=O)c2ccccc2C1=O,O=Cc1ccc(Cl)cc1,26.61568855
194,O=C1CCOCC1,CCCC[Sn](CCCC)(CCCC)COC[Si](C)(C)C,COc1cccc(C=O)c1,11.43551506
704,O=Cc1cccc(Cl)c1,CC(OC[Si](C)(C)C)C(=O)ON1C(=O)c2ccccc2C1=O,Cn1cc(C=O)cn1,29.58119941
170,O=Cc1ccc2ccccc2c1,C[Si](C)(C)COCC(=O)ON1C(=O)c2ccccc2C1=O,O=Cc1ccc(Cl)c(Cl)c1,67.67301881
1048,O=Cc1ccc(-c2ccccc2)cc1,C[Si](C)(C)COCC(=O)ON1C(=O)c2ccccc2C1=O,O=Cc1ccc(-n2cncn2)cc1,0.237327189
174,O=Cc1ccc2ccccc2c1,C[Si](C)(C)COCC(=O)ON1C(=O)c2ccccc2C1=O,O=Cc1cocn1,1.070874375
519,O=Cc1ccc(C(F)(F)F)cc1,C[Si](C)(C)COCC(=O)ON1C(=O)c2ccccc2C1=O,N#Cc1cc(C=O)ccc1F,36.52259683
983,O=Cc1cc(Cl)cc(Cl)c1,C[Si](C)(C)COCC(=O)ON1C(=O)c2ccccc2C1=O,O=CC1CCCCC1,70.32867711
635,COC(=O)c1ccc(C=O)cc1,C[Si](C)(C)COCC(=O)ON1C(=O)c2ccccc2C1=O,CC(C)(C)CC=O,17.51920401
492,CC(C)(C)c1ccc(C=O)cc1,C[Si](C)(C)COCC(=O)ON1C(=O)c2ccccc2C1=O,O=CC1CCCCC1,47.45178851
74,O=Cc1cccnc1,C[Si](C)(C)COCC(=O)ON1C(=O)c2ccccc2C1=O,CC(=O)Nc1ccc(C=O)cc1,0.0
880,O=Cc1cc(Cl)cc(Cl)c1,C[Si](C)(C)COCC(=O)ON1C(=O)c2ccccc2C1=O,O=Cc1ccc(CN2CCOCC2)cc1,0.0
235,O=C1CCOc2ccccc21,CCCC[Sn](CCCC)(CCCC)COC[Si](C)(C)C,O=Cc1cccnc1,7.212276022
215,O=C1CCC(c2ccccc2)CC1,CCCC[Sn](CCCC)(CCCC)COC[Si](C)(C)C,O=CC1CCC1,1.5960248
851,O=Cc1ccc(N2CCCC2)cc1,CC(C)(OC[Si](C)(C)C)C(=O)ON1C(=O)c2ccccc2C1=O,Cn1nc2ccccc2c1C=O,0.0
133,CC(=O)c1ccc(C=O)cc1,C[Si](C)(C)COCC(=O)ON1C(=O)c2ccccc2C1=O,Cc1cccc(C=O)c1,3.403150927
662,O=Cc1ccc(-c2ccccc2)cc1,C[Si](C)(C)COCC(=O)ON1C(=O)c2ccccc2C1=O,COc1ccc(C=O)cc1,14.87235301
845,O=Cc1ccc(N2CCCC2)cc1,CC(C)(OC[Si](C)(C)C)C(=O)ON1C(=O)c2ccccc2C1=O,O=CC1CCC1,0.0
186,O=Cc1ccc2occc2c1,C[Si](C)(C)COCC(=O)ON1C(=O)c2ccccc2C1=O,O=Cc1cocn1,0.237970554
42,O=Cc1ccc(C(F)(F)F)cc1,C[Si](C)(C)COCC(=O)ON1C(=O)c2ccccc2C1=O,O=Cc1cnc(-c2ccccc2)nc1,9.693248372
109,O=Cc1cc(Cl)cc(Cl)c1,C[Si](C)(C)COCC(=O)ON1C(=O)c2ccccc2C1=O,Cc1cccc(C=O)c1,55.19956249
893,O=Cc1cccc(Br)c1,C[Si](C)(C)COCC(=O)ON1C(=O)c2ccccc2C1=O,O=Cc1cccnc1,3.629295066
569,O=Cc1ccc(-c2ccccn2)cc1,C[Si](C)(C)COCC(=O)ON1C(=O)c2ccccc2C1=O,O=Cc1cccnc1,0.10064661
589,O=Cc1cc(Cl)cc(Cl)c1,C[Si](C)(C)COCC(=O)ON1C(=O)c2ccccc2C1=O,O=Cc1ccc(F)cc1,54.64233628
1105,O=Cc1cccc([N+](=O)[O-])c1O,CCCC[Sn](CCCC)(CCCC)COC[Si](C)(C)C,Cn1cnc2cc(C=O)ccc21,0.029568929
1106,O=Cc1cccc([N+](=O)[O-])c1O,CCCC[Sn](CCCC)(CCCC)COC[Si](C)(C)C,O=Cc1ccc2c(c1)OCCO2,0.019778456
484,CC(C)(C)c1ccc(C=O)cc1,C[Si](C)(C)COCC(=O)ON1C(=O)c2ccccc2C1=O,O=Cc1ccc(CN2CCOCC2)cc1,15.22459315
469,O=CC1CCN(C(=O)OCc2ccccc2)CC1,CCCC[Sn](CCCC)(CCCC)CN(C[Si](C)(C)C)C(=O)OCC,O=Cc1ccc(F)cc1,104.1131638
25,O=Cc1cccc(Br)c1,C[Si](C)(C)COCC(=O)ON1C(=O)c2ccccc2C1=O,O=Cc1ccc(Cl)cc1,55.97476712
599,O=Cc1cc(Cl)cc(Cl)c1,C[Si](C)(C)COCC(=O)ON1C(=O)c2ccccc2C1=O,CC(C)(C)CC=O,17.01778782
615,O=Cc1ccc(C(F)(F)F)cc1,C[Si](C)(C)COCC(=O)ON1C(=O)c2ccccc2C1=O,N#Cc1ccc(C=O)cc1,1.582455015
680,Cc1ccc(C=O)cc1,CC(OC[Si](C)(C)C)C(=O)ON1C(=O)c2ccccc2C1=O,Cn1cc(C=O)cn1,28.55626964
1038,O=Cc1cccnc1,C[Si](C)(C)COCC(=O)ON1C(=O)c2ccccc2C1=O,Cc1c(C=O)cnn1-c1ccccc1,0.0
367,O=Cc1cccnc1,CCCC[Sn](CCCC)(CCCC)CN(C[Si](C)(C)C)C(=O)OCC,Cn1c(C=O)nc2ccccc21,5.287912464
757,O=Cc1ccc2ccccc2c1,CC(OC[Si](C)(C)C)C(=O)ON1C(=O)c2ccccc2C1=O,O=Cc1ccc(C(F)(F)F)cc1,2.272042534
972,O=Cc1cc(Cl)cc(Cl)c1,C[Si](C)(C)COCC(=O)ON1C(=O)c2ccccc2C1=O,O=Cc1ccc(F)cc1,58.67820964
384,O=Cc1ccc(-c2ccccc2)cc1,CCCC[Sn](CCCC)(CCCC)CN(C[Si](C)(C)C)C(=O)OCC,O=CC1CCCCC1,580.7055636
455,O=CC1CCCCC1,CCCC[Sn](CCCC)(CCCC)CN(C[Si](C)(C)C)C(=O)OCC,O=CC1CCOC1,208.9644744
265,CC(=O)C1CCCCC1,CCCC[Sn](CCCC)(CCCC)COC[Si](C)(C)C,O=Cc1ccc(C(F)(F)F)cc1,17.14746657
1120,O=Cc1ccc(F)c2ccccc12,CCCC[Sn](CCCC)(CCCC)COC[Si](C)(C)C,CC(C)(C)c1cccc(C=O)c1O,0.06452883
1082,Cc1ccc2[nH]cc(C=O)c2c1,CCCC[Sn](CCCC)(CCCC)COC[Si](C)(C)C,O=Cc1ccc2c(c1)OCCO2,0.005945116
445,O=CC1CCCCC1,CCCC[Sn](CCCC)(CCCC)CN(C[Si](C)(C)C)C(=O)OCC,O=Cc1ccc(F)cc1,271.440566
396,CC(C)C=O,CCCC[Sn](CCCC)(CCCC)CN(C[Si](C)(C)C)C(=O)OCC,O=CC1CCOCC1,56.19970455
177,O=Cc1ccc2ccccc2c1,C[Si](C)(C)COCC(=O)ON1C(=O)c2ccccc2C1=O,O=CC1CC1,4.90052165
19,O=Cc1ccc(Cl)cc1,C[Si](C)(C)COCC(=O)ON1C(=O)c2ccccc2C1=O,Cn1c(C=O)nc2ccccc21,0.556169498
772,CC(C)(C)c1ccc(C=O)cc1,CC(C)(OC[Si](C)(C)C)C(=O)ON1C(=O)c2ccccc2C1=O,O=Cc1ccc(O)cc1,0.0
1058,COc1cc2ccccc2cc1C=O,CCCC[Sn](CCCC)(CCCC)COC[Si](C)(C)C,O=Cc1ccc2c(c1)OCCO2,0.99422501
596,O=Cc1cc(Cl)cc(Cl)c1,C[Si](C)(C)COCC(=O)ON1C(=O)c2ccccc2C1=O,O=CC1CC1,41.22768782
62,N#Cc1ccc(C=O)cc1,C[Si](C)(C)COCC(=O)ON1C(=O)c2ccccc2C1=O,CC(=O)Nc1ccc(C=O)cc1,12.55335656
273,CC(=O)C1CCCCC1,CCCC[Sn](CCCC)(CCCC)COC[Si](C)(C)C,CC(C)(C)CC=O,11.31578603
1079,Cc1ccc2[nH]cc(C=O)c2c1,CCCC[Sn](CCCC)(CCCC)COC[Si](C)(C)C,CC(C)(C)OC(=O)n1cnc(C=O)c1,0.03628
279,CC(=O)C1CCOCC1,CCCC[Sn](CCCC)(CCCC)COC[Si](C)(C)C,N#Cc1ccccc1C=O,1.914935065
758,O=Cc1ccc2ccccc2c1,CC(OC[Si](C)(C)C)C(=O)ON1C(=O)c2ccccc2C1=O,O=Cc1ccc(Cl)c(Cl)c1,15.65525719
369,O=Cc1cccnc1,CCCC[Sn](CCCC)(CCCC)CN(C[Si](C)(C)C)C(=O)OCC,CCC(C=O)CC,60.86602236
797,O=Cc1ccc(Cl)c(Cl)c1,CC(C)(OC[Si](C)(C)C)C(=O)ON1C(=O)c2ccccc2C1=O,O=CC1CCC1,31.53003254
740,CC(=O)Nc1ccc(C=O)cc1,CC(OC[Si](C)(C)C)C(=O)ON1C(=O)c2ccccc2C1=O,Cn1cc(C=O)cn1,6.284745492
1050,O=Cc1ccc(-c2ccccc2)cc1,C[Si](C)(C)COCC(=O)ON1C(=O)c2ccccc2C1=O,O=CC1CC1,62.51954792
548,N#Cc1ccc(C=O)cc1,C[Si](C)(C)COCC(=O)ON1C(=O)c2ccccc2C1=O,Cn1cc(C=O)cn1,5.411944742
790,O=Cc1cccc(F)c1,CC(C)(OC[Si](C)(C)C)C(=O)ON1C(=O)c2ccccc2C1=O,O=Cc1nccs1,0.746856153
810,O=Cc1ccccc1,CC(C)(OC[Si](C)(C)C)C(=O)ON1C(=O)c2ccccc2C1=O,CCCC(C)C=O,0.0
457,O=CC1CCOCC1,CCCC[Sn](CCCC)(CCCC)CN(C[Si](C)(C)C)C(=O)OCC,O=Cc1ccc(F)cc1,100.7350201
394,CC(C)C=O,CCCC[Sn](CCCC)(CCCC)CN(C[Si](C)(C)C)C(=O)OCC,CCC(C)C=O,144.0336792
988,O=Cc1cccc(Br)c1,C[Si](C)(C)COCC(=O)ON1C(=O)c2ccccc2C1=O,Cc1ccc(C=O)cn1,0.0
865,CC(C)(C)c1ccc(C=O)cc1,C[Si](C)(C)COCC(=O)ON1C(=O)c2ccccc2C1=O,O=Cc1ccc(Cl)cc1,59.20734308
376,O=Cc1ccc(-c2ccccc2)cc1,CCCC[Sn](CCCC)(CCCC)CN(C[Si](C)(C)C)C(=O)OCC,O=Cc1ccc(N2CCCC2)cc1,312.7814885
413,CC(C)(C)C=O,CCCC[Sn](CCCC)(CCCC)CN(C[Si](C)(C)C)C(=O)OCC,O=Cc1ccncc1,0.693678102
75,O=Cc1cccnc1,C[Si](C)(C)COCC(=O)ON1C(=O)c2ccccc2C1=O,N#Cc1cc(C=O)ccc1F,0.0
1075,CC(C)Cc1ccc(C=O)cc1,CCCC[Sn](CCCC)(CCCC)CN(C[Si](C)(C)C)C(=O)OCC,O=Cc1cc(F)c(O)c(F)c1,6.225332487
501,O=Cc1cc(Cl)cc(Cl)c1,C[Si](C)(C)COCC(=O)ON1C(=O)c2ccccc2C1=O,CCC(C=O)CC,37.82705153
722,CC(=O)c1ccc(C=O)cc1,CC(OC[Si](C)(C)C)C(=O)ON1C(=O)c2ccccc2C1=O,O=Cc1ccc(Cl)c(Cl)c1,0.0
617,O=Cc1ccc(C(F)(F)F)cc1,C[Si](C)(C)COCC(=O)ON1C(=O)c2ccccc2C1=O,Cc1ccc(C=O)cn1,2.738786379
115,O=Cc1cc(Cl)cc(Cl)c1,C[Si](C)(C)COCC(=O)ON1C(=O)c2ccccc2C1=O,O=Cc1nccs1,0.190272886
418,CC(C)(C)C=O,CCCC[Sn](CCCC)(CCCC)CN(C[Si](C)(C)C)C(=O)OCC,CCC(C)C=O,65.69971522
602,O=Cc1cccc(Br)c1,C[Si](C)(C)COCC(=O)ON1C(=O)c2ccccc2C1=O,COc1ccc(C=O)cc1,30.44099935
605,O=Cc1cccc(Br)c1,C[Si](C)(C)COCC(=O)ON1C(=O)c2ccccc2C1=O,Cc1ccc(C=O)cn1,3.365848516
90,O=Cc1ccc(-c2ccccn2)cc1,C[Si](C)(C)COCC(=O)ON1C(=O)c2ccccc2C1=O,O=Cc1cnc(-c2ccccc2)nc1,0.20094924
1100,COc1ccnc(C=O)c1,CCCC[Sn](CCCC)(CCCC)CN(C[Si](C)(C)C)C(=O)OCC,CN1CCCCC(C=O)C1=O,0.040514091
499,O=Cc1cc(Cl)cc(Cl)c1,C[Si](C)(C)COCC(=O)ON1C(=O)c2ccccc2C1=O,Cn1c(C=O)nc2ccccc21,2.244961173
786,O=Cc1cccc(F)c1,CC(C)(OC[Si](C)(C)C)C(=O)ON1C(=O)c2ccccc2C1=O,CCCC(C)C=O,29.38564481
793,O=Cc1ccc(Cl)c(Cl)c1,CC(C)(OC[Si](C)(C)C)C(=O)ON1C(=O)c2ccccc2C1=O,O=Cc1ccc(C(F)(F)F)cc1,21.00011413
791,O=Cc1cccc(F)c1,CC(C)(OC[Si](C)(C)C)C(=O)ON1C(=O)c2ccccc2C1=O,Cn1nc2ccccc2c1C=O,0.259160466
12,CC(C)(C)c1ccc(C=O)cc1,C[Si](C)(C)COCC(=O)ON1C(=O)c2ccccc2C1=O,O=CC1CCCCC1,86.57085648
397,O=CC1CC1,CCCC[Sn](CCCC)(CCCC)CN(C[Si](C)(C)C)C(=O)OCC,O=Cc1ccc(F)cc1,44.39707219
732,CC(=O)c1ccc(C=O)cc1,CC(OC[Si](C)(C)C)C(=O)ON1C(=O)c2ccccc2C1=O,O=CC1CCCCC1,0.0
1086,Cc1ccc2[nH]cc(C=O)c2c1,CCCC[Sn](CCCC)(CCCC)CN(C[Si](C)(C)C)C(=O)OCC,O=Cc1cc(O)c(O)c(Cl)c1,0.002368847
43,O=Cc1ccc(C(F)(F)F)cc1,C[Si](C)(C)COCC(=O)ON1C(=O)c2ccccc2C1=O,Cn1c(C=O)nc2ccccc21,0.0
168,O=Cc1cocn1,C[Si](C)(C)COCC(=O)ON1C(=O)c2ccccc2C1=O,O=CCC(F)(F)F,0.0
417,CC(C)(C)C=O,CCCC[Sn](CCCC)(CCCC)CN(C[Si](C)(C)C)C(=O)OCC,CCC(C=O)CC,106.500154
577,CC(C)(C)c1ccc(C=O)cc1,C[Si](C)(C)COCC(=O)ON1C(=O)c2ccccc2C1=O,O=Cc1ccc(F)cc1,47.16128752
971,CC(C)(C)c1ccc(C=O)cc1,C[Si](C)(C)COCC(=O)ON1C(=O)c2ccccc2C1=O,O=CC1CCCCC1,30.08864119
729,CC(=O)c1ccc(C=O)cc1,CC(OC[Si](C)(C)C)C(=O)ON1C(=O)c2ccccc2C1=O,CCC(C=O)CC,0.0
427,CC(C)CC=O,CCCC[Sn](CCCC)(CCCC)CN(C[Si](C)(C)C)C(=O)OCC,Cc1cc(C=O)no1,0.0
545,N#Cc1ccc(C=O)cc1,C[Si](C)(C)COCC(=O)ON1C(=O)c2ccccc2C1=O,O=Cc1cccnc1,2.636789656
1076,CC(C)Cc1ccc(C=O)cc1,CCCC[Sn](CCCC)(CCCC)CN(C[Si](C)(C)C)C(=O)OCC,CN1CCCCC(C=O)C1=O,9.879773671
1150,O=Cc1cccc(C(F)(F)F)c1,CCCC[Sn](CCCC)(CCCC)CN(C[Si](C)(C)C)C(=O)OCC,COC(=O)N1C=C(C=O)OCC1,0.059760339
888,O=Cc1cc(Cl)cc(Cl)c1,C[Si](C)(C)COCC(=O)ON1C(=O)c2ccccc2C1=O,O=CC1CCCCC1,85.03980812
794,O=Cc1ccc(Cl)c(Cl)c1,CC(C)(OC[Si](C)(C)C)C(=O)ON1C(=O)c2ccccc2C1=O,O=Cc1ccc(F)cc1Cl,10.2443579
258,O=C(c1ccccc1)C(F)(F)F,CCCC[Sn](CCCC)(CCCC)COC[Si](C)(C)C,O=Cc1ccc(F)cc1Cl,0.0
336,O=Cc1ccc(C(F)(F)F)cc1,CCCC[Sn](CCCC)(CCCC)CN(C[Si](C)(C)C)C(=O)OCC,O=CC1CCCCC1,476.2179904
16,O=Cc1ccc(Cl)cc1,C[Si](C)(C)COCC(=O)ON1C(=O)c2ccccc2C1=O,O=Cc1ccc(CN2CCOCC2)cc1,2.22071599
812,O=Cc1ccccc1,CC(C)(OC[Si](C)(C)C)C(=O)ON1C(=O)c2ccccc2C1=O,O=CCC(F)(F)F,0.0
325,O=Cc1ccc(C(F)(F)F)cc1,CCCC[Sn](CCCC)(CCCC)CN(C[Si](C)(C)C)C(=O)OCC,O=Cc1ccc(Cl)cc1,304.8585674
980,O=Cc1cc(Cl)cc(Cl)c1,C[Si](C)(C)COCC(=O)ON1C(=O)c2ccccc2C1=O,CCC(C=O)CC,1.733202443
999,O=Cc1ccc(C(F)(F)F)cc1,C[Si](C)(C)COCC(=O)ON1C(=O)c2ccccc2C1=O,Cc1ccc(C=O)cc1,0.52555386
713,Cc1cccc(C=O)c1,CC(OC[Si](C)(C)C)C(=O)ON1C(=O)c2ccccc2C1=O,O=Cc1cccnc1,8.270147886
223,O=C1CCOC1,CCCC[Sn](CCCC)(CCCC)COC[Si](C)(C)C,O=Cc1cccnc1,0.0
180,O=Cc1ccc2ccccc2c1,C[Si](C)(C)COCC(=O)ON1C(=O)c2ccccc2C1=O,O=CCC(F)(F)F,0.0
100,CC(C)(C)c1cc(C=O)cc(C(C)(C)C)c1,C[Si](C)(C)COCC(=O)ON1C(=O)c2ccccc2C1=O,COc1ccc(C=O)cc1Br,30.42187821
522,O=Cc1ccc(C(F)(F)F)cc1,C[Si](C)(C)COCC(=O)ON1C(=O)c2ccccc2C1=O,O=Cc1cnc(-c2ccccc2)nc1,1.525267832
23,O=Cc1ccc(Cl)cc1,C[Si](C)(C)COCC(=O)ON1C(=O)c2ccccc2C1=O,CCCC(C)C=O,6.88140364
357,N#Cc1ccc(C=O)cc1,CCCC[Sn](CCCC)(CCCC)CN(C[Si](C)(C)C)C(=O)OCC,CCC(C=O)CC,334.0152655
1149,O=Cc1cccc(C(F)(F)F)c1,CCCC[Sn](CCCC)(CCCC)CN(C[Si](C)(C)C)C(=O)OCC,O=CC1CCN(c2ccccc2)C1,0.213636624
1066,COc1cc2ccccc2cc1C=O,CCCC[Sn](CCCC)(CCCC)CN(C[Si](C)(C)C)C(=O)OCC,COC(=O)N1C=C(C=O)OCC1,0.114510317
612,O=Cc1cccc(Br)c1,C[Si](C)(C)COCC(=O)ON1C(=O)c2ccccc2C1=O,O=CC1CCCCC1,18.62109809
904,O=Cc1ccc(C(F)(F)F)cc1,C[Si](C)(C)COCC(=O)ON1C(=O)c2ccccc2C1=O,O=Cc1ccc(CN2CCOCC2)cc1,5.084371821
341,COC(=O)c1ccc(C=O)cc1,CCCC[Sn](CCCC)(CCCC)CN(C[Si](C)(C)C)C(=O)OCC,O=Cc1cccnc1,62.78645516
432,CC(C)CC=O,CCCC[Sn](CCCC)(CCCC)CN(C[Si](C)(C)C)C(=O)OCC,O=CC1CCOCC1,139.34078
707,O=Cc1cccc(Cl)c1,CC(OC[Si](C)(C)C)C(=O)ON1C(=O)c2ccccc2C1=O,CC(C)(C)CC=O,11.6201856
218,O=C1CCOC1,CCCC[Sn](CCCC)(CCCC)COC[Si](C)(C)C,COc1cccc(C=O)c1,9.745590021
204,O=C1CCOCC1,CCCC[Sn](CCCC)(CCCC)COC[Si](C)(C)C,O=CC1CCOCC1,0.621060172
814,O=Cc1ccccc1,CC(C)(OC[Si](C)(C)C)C(=O)ON1C(=O)c2ccccc2C1=O,O=Cc1nccs1,0.0
94,O=Cc1ccc(-c2ccccn2)cc1,C[Si](C)(C)COCC(=O)ON1C(=O)c2ccccc2C1=O,O=CC1CCCC1,0.867242409
850,O=Cc1ccc(N2CCCC2)cc1,CC(C)(OC[Si](C)(C)C)C(=O)ON1C(=O)c2ccccc2C1=O,O=Cc1nccs1,0.0
69,N#Cc1ccc(C=O)cc1,C[Si](C)(C)COCC(=O)ON1C(=O)c2ccccc2C1=O,CCC(C=O)CC,57.52052626
1054,O=Cc1ccc(-c2ccccc2)cc1,C[Si](C)(C)COCC(=O)ON1C(=O)c2ccccc2C1=O,O=CC1CCCCC1,0.653728145
285,CC(=O)C1CCOCC1,CCCC[Sn](CCCC)(CCCC)COC[Si](C)(C)C,CC(C)(C)CC=O,6.249949348
86,O=Cc1ccc(-c2ccccn2)cc1,C[Si](C)(C)COCC(=O)ON1C(=O)c2ccccc2C1=O,CC(=O)Nc1ccc(C=O)cc1,1.55243553
435,O=CC1CCC1,CCCC[Sn](CCCC)(CCCC)CN(C[Si](C)(C)C)C(=O)OCC,O=Cc1ccc(O)cc1,202.8428959
719,Cc1cccc(C=O)c1,CC(OC[Si](C)(C)C)C(=O)ON1C(=O)c2ccccc2C1=O,CC(C)(C)CC=O,5.897376122
154,O=Cc1cccnc1,C[Si](C)(C)COCC(=O)ON1C(=O)c2ccccc2C1=O,O=CC1CCCCC1,0.279258957
76,O=Cc1cccnc1,C[Si](C)(C)COCC(=O)ON1C(=O)c2ccccc2C1=O,O=Cc1ccc(CN2CCOCC2)cc1,0.0
942,O=Cc1cccnc1,C[Si](C)(C)COCC(=O)ON1C(=O)c2ccccc2C1=O,O=Cc1cnc(-c2ccccc2)nc1,0.0
581,CC(C)(C)c1ccc(C=O)cc1,C[Si](C)(C)COCC(=O)ON1C(=O)c2ccccc2C1=O,Cc1ccc(C=O)cn1,9.572478664
447,O=CC1CCCCC1,CCCC[Sn](CCCC)(CCCC)CN(C[Si](C)(C)C)C(=O)OCC,O=Cc1ccc(O)cc1,123.5323611
189,O=Cc1ccc2occc2c1,C[Si](C)(C)COCC(=O)ON1C(=O)c2ccccc2C1=O,O=CC1CC1,0.0
272,CC(=O)C1CCCCC1,CCCC[Sn](CCCC)(CCCC)COC[Si](C)(C)C,Cn1cc(C=O)cn1,17.11330833
237,O=C1CCOc2ccccc21,CCCC[Sn](CCCC)(CCCC)COC[Si](C)(C)C,CC(C)(C)CC=O,4.520571632
488,CC(C)(C)c1ccc(C=O)cc1,C[Si](C)(C)COCC(=O)ON1C(=O)c2ccccc2C1=O,Cn1cc(C=O)cn1,36.72861391
1111,O=Cc1cccc([N+](=O)[O-])c1O,CCCC[Sn](CCCC)(CCCC)CN(C[Si](C)(C)C)C(=O)OCC,O=Cc1cc(F)c(O)c(F)c1,0.0
560,O=Cc1cccnc1,C[Si](C)(C)COCC(=O)ON1C(=O)c2ccccc2C1=O,Cn1cc(C=O)cn1,0.0
118,O=Cc1cc(Cl)cc(Cl)c1,C[Si](C)(C)COCC(=O)ON1C(=O)c2ccccc2C1=O,O=CC1CCCCC1,58.35952585
950,O=Cc1ccc(-c2ccccn2)cc1,C[Si](C)(C)COCC(=O)ON1C(=O)c2ccccc2C1=O,N#Cc1cc(C=O)ccc1F,1.197632745
1033,O=Cc1cccnc1,C[Si](C)(C)COCC(=O)ON1C(=O)c2ccccc2C1=O,COc1ccc(C=O)cc1,0.0
513,O=Cc1cccc(Br)c1,C[Si](C)(C)COCC(=O)ON1C(=O)c2ccccc2C1=O,CCC(C=O)CC,35.34697932
634,COC(=O)c1ccc(C=O)cc1,C[Si](C)(C)COCC(=O)ON1C(=O)c2ccccc2C1=O,O=CC1CCC1,0.0
709,Cc1cccc(C=O)c1,CC(OC[Si](C)(C)C)C(=O)ON1C(=O)c2ccccc2C1=O,O=Cc1ccc(C(F)(F)F)cc1,50.62797217
901,O=Cc1ccc(C(F)(F)F)cc1,C[Si](C)(C)COCC(=O)ON1C(=O)c2ccccc2C1=O,O=Cc1ccc(Cl)cc1,6.813697576
935,N#Cc1ccc(C=O)cc1,C[Si](C)(C)COCC(=O)ON1C(=O)c2ccccc2C1=O,O=CC1CCCC1,13.43609988
127,O=Cc1cccc(Br)c1,C[Si](C)(C)COCC(=O)ON1C(=O)c2ccccc2C1=O,O=Cc1nccs1,0.344192133
117,O=Cc1cc(Cl)cc(Cl)c1,C[Si](C)(C)COCC(=O)ON1C(=O)c2ccccc2C1=O,O=CC1CC1,83.63331495
474,O=CC1CCN(C(=O)OCc2ccccc2)CC1,CCCC[Sn](CCCC)(CCCC)CN(C[Si](C)(C)C)C(=O)OCC,Cc1ccc(C=O)cn1,97.76273839
891,O=Cc1cccc(Br)c1,C[Si](C)(C)COCC(=O)ON1C(=O)c2ccccc2C1=O,N#Cc1cc(C=O)ccc1F,4.935566597
58,COC(=O)c1ccc(C=O)cc1,C[Si](C)(C)COCC(=O)ON1C(=O)c2ccccc2C1=O,O=CC1CCCC1,67.39529316
604,O=Cc1cccc(Br)c1,C[Si](C)(C)COCC(=O)ON1C(=O)c2ccccc2C1=O,Cc1ccc(C=O)cc1,16.12102752
870,CC(C)(C)c1ccc(C=O)cc1,C[Si](C)(C)COCC(=O)ON1C(=O)c2ccccc2C1=O,O=Cc1cnc(-c2ccccc2)nc1,2.644510244
657,O=Cc1cccnc1,C[Si](C)(C)COCC(=O)ON1C(=O)c2ccccc2C1=O,CCC(C=O)CC,0.0
813,O=Cc1ccccc1,CC(C)(OC[Si](C)(C)C)C(=O)ON1C(=O)c2ccccc2C1=O,O=Cc1ccc(N2CCCC2)cc1,0.0
829,O=Cc1ccc2c(c1)OCC2,CC(C)(OC[Si](C)(C)C)C(=O)ON1C(=O)c2ccccc2C1=O,O=Cc1ccc(C(F)(F)F)cc1,0.0
106,CC(C)(C)c1cc(C=O)cc(C(C)(C)C)c1,C[Si](C)(C)COCC(=O)ON1C(=O)c2ccccc2C1=O,O=CC1CCCCC1,30.51800367
636,COC(=O)c1ccc(C=O)cc1,C[Si](C)(C)COCC(=O)ON1C(=O)c2ccccc2C1=O,O=CC1CCCCC1,21.55977263
370,O=Cc1cccnc1,CCCC[Sn](CCCC)(CCCC)CN(C[Si](C)(C)C)C(=O)OCC,O=CC1CCCC1,24.63838665
269,CC(=O)C1CCCCC1,CCCC[Sn](CCCC)(CCCC)COC[Si](C)(C)C,O=Cc1cc(Cl)cc(Cl)c1,6.501363516
656,O=Cc1cccnc1,C[Si](C)(C)COCC(=O)ON1C(=O)c2ccccc2C1=O,O=CC1CC1,0.0
47,O=Cc1ccc(C(F)(F)F)cc1,C[Si](C)(C)COCC(=O)ON1C(=O)c2ccccc2C1=O,CCCC(C)C=O,9.627699612
350,N#Cc1ccc(C=O)cc1,CCCC[Sn](CCCC)(CCCC)CN(C[Si](C)(C)C)C(=O)OCC,O=Cc1ccccc1O,180.8382251
196,O=C1CCOCC1,CCCC[Sn](CCCC)(CCCC)COC[Si](C)(C)C,N#Cc1cc(C=O)ccc1F,15.56618467
103,CC(C)(C)c1cc(C=O)cc(C(C)(C)C)c1,C[Si](C)(C)COCC(=O)ON1C(=O)c2ccccc2C1=O,O=Cc1nccs1,0.178151411
5,CC(C)(C)c1ccc(C=O)cc1,C[Si](C)(C)COCC(=O)ON1C(=O)c2ccccc2C1=O,O=Cc1cccnc1,4.16621508
1063,COc1cc2ccccc2cc1C=O,CCCC[Sn](CCCC)(CCCC)CN(C[Si](C)(C)C)C(=O)OCC,O=Cc1cc(F)c(O)c(F)c1,7.315813015
889,O=Cc1cccc(Br)c1,C[Si](C)(C)COCC(=O)ON1C(=O)c2ccccc2C1=O,O=Cc1ccc(Cl)cc1,3.983235598
948,O=Cc1cccnc1,C[Si](C)(C)COCC(=O)ON1C(=O)c2ccccc2C1=O,O=CC1CCCCC1,0.0
264,O=C(c1ccccc1)C(F)(F)F,CCCC[Sn](CCCC)(CCCC)COC[Si](C)(C)C,O=CC1CCOCC1,3.17955711
965,CC(C)(C)c1ccc(C=O)cc1,C[Si](C)(C)COCC(=O)ON1C(=O)c2ccccc2C1=O,O=Cc1ccc(-n2cncn2)cc1,0.0
444,O=CC1CCC1,CCCC[Sn](CCCC)(CCCC)CN(C[Si](C)(C)C)C(=O)OCC,O=CC1CCOCC1,150.8626226
1043,O=Cc1cccnc1,C[Si](C)(C)COCC(=O)ON1C(=O)c2ccccc2C1=O,O=CC1CCCCC1,0.0
762,O=Cc1ccc2ccccc2c1,CC(OC[Si](C)(C)C)C(=O)ON1C(=O)c2ccccc2C1=O,O=Cc1ccc(-c2ccccn2)cc1,0.0
977,O=Cc1cc(Cl)cc(Cl)c1,C[Si](C)(C)COCC(=O)ON1C(=O)c2ccccc2C1=O,O=Cc1ccc(-n2cncn2)cc1,11.61157707
305,O=Cc1cc(Cl)cc(Cl)c1,CCCC[Sn](CCCC)(CCCC)CN(C[Si](C)(C)C)C(=O)OCC,O=Cc1cccnc1,59.01926144
342,COC(=O)c1ccc(C=O)cc1,CCCC[Sn](CCCC)(CCCC)CN(C[Si](C)(C)C)C(=O)OCC,O=Cc1cnc(-c2ccccc2)nc1,39.49070273
778,CC(C)(C)c1ccc(C=O)cc1,CC(C)(OC[Si](C)(C)C)C(=O)ON1C(=O)c2ccccc2C1=O,O=Cc1nccs1,0.729057945
314,O=Cc1cccc(Br)c1,CCCC[Sn](CCCC)(CCCC)CN(C[Si](C)(C)C)C(=O)OCC,O=Cc1ccccc1O,158.1764016
150,O=Cc1cccnc1,C[Si](C)(C)COCC(=O)ON1C(=O)c2ccccc2C1=O,O=Cc1cocn1,0.0
125,O=Cc1cccc(Br)c1,C[Si](C)(C)COCC(=O)ON1C(=O)c2ccccc2C1=O,O=Cc1cccnc1,0.843100417
1007,O=Cc1ccc(C(F)(F)F)cc1,C[Si](C)(C)COCC(=O)ON1C(=O)c2ccccc2C1=O,O=CC1CCCCC1,72.28292683
575,O=Cc1ccc(-c2ccccn2)cc1,C[Si](C)(C)COCC(=O)ON1C(=O)c2ccccc2C1=O,O=CC1CCCC1,2.960182824
698,O=Cc1cccc(Cl)c1,CC(OC[Si](C)(C)C)C(=O)ON1C(=O)c2ccccc2C1=O,O=Cc1ccc(Cl)c(Cl)c1,0.0
665,O=Cc1ccc(-c2ccccc2)cc1,C[Si](C)(C)COCC(=O)ON1C(=O)c2ccccc2C1=O,Cc1ccc(C=O)cn1,29.24432393
51,COC(=O)c1ccc(C=O)cc1,C[Si](C)(C)COCC(=O)ON1C(=O)c2ccccc2C1=O,N#Cc1cc(C=O)ccc1F,42.08331284
727,CC(=O)c1ccc(C=O)cc1,CC(OC[Si](C)(C)C)C(=O)ON1C(=O)c2ccccc2C1=O,Cc1nn(-c2ccccc2)cc1C=O,0.0
354,N#Cc1ccc(C=O)cc1,CCCC[Sn](CCCC)(CCCC)CN(C[Si](C)(C)C)C(=O)OCC,O=Cc1cnc(-c2ccccc2)nc1,33.1462595
1104,O=Cc1cccc([N+](=O)[O-])c1O,CCCC[Sn](CCCC)(CCCC)COC[Si](C)(C)C,Cc1ccc(C=O)c(O)c1,0.007370987
143,CC(=O)c1ccc(C=O)cc1,C[Si](C)(C)COCC(=O)ON1C(=O)c2ccccc2C1=O,CCC(C=O)CC,5.678324164
471,O=CC1CCN(C(=O)OCc2ccccc2)CC1,CCCC[Sn](CCCC)(CCCC)CN(C[Si](C)(C)C)C(=O)OCC,O=Cc1ccc(O)cc1,10.73774736
654,O=Cc1cccnc1,C[Si](C)(C)COCC(=O)ON1C(=O)c2ccccc2C1=O,O=Cc1ccc(-n2cncn2)cc1,0.164236768
400,O=CC1CC1,CCCC[Sn](CCCC)(CCCC)CN(C[Si](C)(C)C)C(=O)OCC,COc1cccc(C=O)c1,91.87778731
808,O=Cc1ccccc1,CC(C)(OC[Si](C)(C)C)C(=O)ON1C(=O)c2ccccc2C1=O,O=Cc1ccc(O)cc1,4.172620694
321,O=Cc1cccc(Br)c1,CCCC[Sn](CCCC)(CCCC)CN(C[Si](C)(C)C)C(=O)OCC,CCC(C=O)CC,388.2841102
20,O=Cc1ccc(Cl)cc1,C[Si](C)(C)COCC(=O)ON1C(=O)c2ccccc2C1=O,Cn1cc(C=O)cn1,12.38409287
685,O=Cc1ccc(F)cc1Cl,CC(OC[Si](C)(C)C)C(=O)ON1C(=O)c2ccccc2C1=O,O=Cc1ccc(C(F)(F)F)cc1,6.174808329
36,O=Cc1cccc(Br)c1,C[Si](C)(C)COCC(=O)ON1C(=O)c2ccccc2C1=O,O=CC1CCCCC1,44.27813406
1011,COC(=O)c1ccc(C=O)cc1,C[Si](C)(C)COCC(=O)ON1C(=O)c2ccccc2C1=O,Cc1ccc(C=O)cc1,2.126331889
1028,N#Cc1ccc(C=O)cc1,C[Si](C)(C)COCC(=O)ON1C(=O)c2ccccc2C1=O,CCC(C=O)CC,40.92192882
408,O=CC1CC1,CCCC[Sn](CCCC)(CCCC)CN(C[Si](C)(C)C)C(=O)OCC,O=CC1CCOCC1,19.08082192
538,COC(=O)c1ccc(C=O)cc1,C[Si](C)(C)COCC(=O)ON1C(=O)c2ccccc2C1=O,CCCC(C)C=O,19.4195015
759,O=Cc1ccc2ccccc2c1,CC(OC[Si](C)(C)C)C(=O)ON1C(=O)c2ccccc2C1=O,CC(C)(C)c1ccc(C=O)cc1,1.167387396
1098,COc1ccnc(C=O)c1,CCCC[Sn](CCCC)(CCCC)CN(C[Si](C)(C)C)C(=O)OCC,O=Cc1cc(O)c(O)c(Cl)c1,0.001412393
803,O=Cc1ccc(Cl)c(Cl)c1,CC(C)(OC[Si](C)(C)C)C(=O)ON1C(=O)c2ccccc2C1=O,Cn1nc2ccccc2c1C=O,3.543128085
39,O=Cc1ccc(C(F)(F)F)cc1,C[Si](C)(C)COCC(=O)ON1C(=O)c2ccccc2C1=O,N#Cc1cc(C=O)ccc1F,13.94896799
176,O=Cc1ccc2ccccc2c1,C[Si](C)(C)COCC(=O)ON1C(=O)c2ccccc2C1=O,Cn1cc(C=O)cn1,36.41148827
246,CC(=O)c1ccccc1,CCCC[Sn](CCCC)(CCCC)COC[Si](C)(C)C,O=Cc1ccc(F)cc1Cl,42.79405379
1041,O=Cc1cccnc1,C[Si](C)(C)COCC(=O)ON1C(=O)c2ccccc2C1=O,O=CC1CCC1,0.0
863,O=Cc1ccc(-c2ccccc2)cc1,CC(C)(OC[Si](C)(C)C)C(=O)ON1C(=O)c2ccccc2C1=O,Cn1nc2ccccc2c1C=O,3.596174787
968,CC(C)(C)c1ccc(C=O)cc1,C[Si](C)(C)COCC(=O)ON1C(=O)c2ccccc2C1=O,CCC(C=O)CC,0.0
490,CC(C)(C)c1ccc(C=O)cc1,C[Si](C)(C)COCC(=O)ON1C(=O)c2ccccc2C1=O,CCCC(C)C=O,30.20681456
155,O=Cc1cccnc1,C[Si](C)(C)COCC(=O)ON1C(=O)c2ccccc2C1=O,CCC(C=O)CC,0.47456548
639,N#Cc1ccc(C=O)cc1,C[Si](C)(C)COCC(=O)ON1C(=O)c2ccccc2C1=O,N#Cc1ccc(C=O)cc1,0.212946778
663,O=Cc1ccc(-c2ccccc2)cc1,C[Si](C)(C)COCC(=O)ON1C(=O)c2ccccc2C1=O,N#Cc1ccc(C=O)cc1,0.226199476
288,CC(=O)C1CCOCC1,CCCC[Sn](CCCC)(CCCC)COC[Si](C)(C)C,O=CC1CCOCC1,0.8771569
626,COC(=O)c1ccc(C=O)cc1,C[Si](C)(C)COCC(=O)ON1C(=O)c2ccccc2C1=O,COc1ccc(C=O)cc1,0.156590073
686,O=Cc1ccc(F)cc1Cl,CC(OC[Si](C)(C)C)C(=O)ON1C(=O)c2ccccc2C1=O,O=Cc1ccc(Cl)c(Cl)c1,38.77691565
783,O=Cc1cccc(F)c1,CC(C)(OC[Si](C)(C)C)C(=O)ON1C(=O)c2ccccc2C1=O,COC(=O)c1ccc(C=O)cc1,14.19700549
570,O=Cc1ccc(-c2ccccn2)cc1,C[Si](C)(C)COCC(=O)ON1C(=O)c2ccccc2C1=O,O=Cc1cnc(-c2ccccc2)nc1,0.679179189
1103,O=Cc1cccc([N+](=O)[O-])c1O,CCCC[Sn](CCCC)(CCCC)COC[Si](C)(C)C,CC(C)(C)OC(=O)n1cnc(C=O)c1,0.002955145
735,CC(=O)Nc1ccc(C=O)cc1,CC(OC[Si](C)(C)C)C(=O)ON1C(=O)c2ccccc2C1=O,CC(C)(C)c1ccc(C=O)cc1,3.123492412
18,O=Cc1ccc(Cl)cc1,C[Si](C)(C)COCC(=O)ON1C(=O)c2ccccc2C1=O,O=Cc1cnc(-c2ccccc2)nc1,2.680461823
128,O=Cc1cccc(Br)c1,C[Si](C)(C)COCC(=O)ON1C(=O)c2ccccc2C1=O,Cn1cc(C=O)cn1,36.20276252
323,O=Cc1cccc(Br)c1,CCCC[Sn](CCCC)(CCCC)CN(C[Si](C)(C)C)C(=O)OCC,CCCC(C)C=O,171.9496629
256,O=C(c1ccccc1)C(F)(F)F,CCCC[Sn](CCCC)(CCCC)COC[Si](C)(C)C,N#Cc1cc(C=O)ccc1F,0.0
848,O=Cc1ccc(N2CCCC2)cc1,CC(C)(OC[Si](C)(C)C)C(=O)ON1C(=O)c2ccccc2C1=O,O=CCC(F)(F)F,0.0
1130,C=CCOc1ccc(C=O)cc1,CCCC[Sn](CCCC)(CCCC)COC[Si](C)(C)C,O=Cc1ccc2c(c1)OCCO2,0.00923825
191,O=Cc1ccc2occc2c1,C[Si](C)(C)COCC(=O)ON1C(=O)c2ccccc2C1=O,CCC(C=O)CC,0.0
116,O=Cc1cc(Cl)cc(Cl)c1,C[Si](C)(C)COCC(=O)ON1C(=O)c2ccccc2C1=O,Cn1cc(C=O)cn1,21.11169475
1141,O=Cc1cccc(C(F)(F)F)c1,CCCC[Sn](CCCC)(CCCC)COC[Si](C)(C)C,Cn1cnc2cc(C=O)ccc21,2.284110064
799,O=Cc1ccc(Cl)c(Cl)c1,CC(C)(OC[Si](C)(C)C)C(=O)ON1C(=O)c2ccccc2C1=O,O=CC1CCCCC1,59.72929816
607,O=Cc1cccc(Br)c1,C[Si](C)(C)COCC(=O)ON1C(=O)c2ccccc2C1=O,Cc1c(C=O)cnn1-c1ccccc1,39.18004812
181,O=Cc1ccc2occc2c1,C[Si](C)(C)COCC(=O)ON1C(=O)c2ccccc2C1=O,Cc1cccc(C=O)c1,0.859858009
302,O=Cc1cc(Cl)cc(Cl)c1,CCCC[Sn](CCCC)(CCCC)CN(C[Si](C)(C)C)C(=O)OCC,O=Cc1ccccc1O,307.337224
974,O=Cc1cc(Cl)cc(Cl)c1,C[Si](C)(C)COCC(=O)ON1C(=O)c2ccccc2C1=O,N#Cc1ccc(C=O)cc1,0.0
918,COC(=O)c1ccc(C=O)cc1,C[Si](C)(C)COCC(=O)ON1C(=O)c2ccccc2C1=O,O=Cc1cnc(-c2ccccc2)nc1,0.983648198
933,N#Cc1ccc(C=O)cc1,C[Si](C)(C)COCC(=O)ON1C(=O)c2ccccc2C1=O,CCC(C=O)CC,0.0
882,O=Cc1cc(Cl)cc(Cl)c1,C[Si](C)(C)COCC(=O)ON1C(=O)c2ccccc2C1=O,O=Cc1cnc(-c2ccccc2)nc1,0.625238311
998,O=Cc1ccc(C(F)(F)F)cc1,C[Si](C)(C)COCC(=O)ON1C(=O)c2ccccc2C1=O,N#Cc1ccc(C=O)cc1,0.362387816
856,O=Cc1ccc(-c2ccccc2)cc1,CC(C)(OC[Si](C)(C)C)C(=O)ON1C(=O)c2ccccc2C1=O,O=Cc1ccc(O)cc1,4.603479063
518,O=Cc1ccc(C(F)(F)F)cc1,C[Si](C)(C)COCC(=O)ON1C(=O)c2ccccc2C1=O,CC(=O)Nc1ccc(C=O)cc1,5.097499602
373,O=Cc1ccc(-c2ccccc2)cc1,CCCC[Sn](CCCC)(CCCC)CN(C[Si](C)(C)C)C(=O)OCC,O=Cc1ccc(Cl)cc1,510.6765351
46,O=Cc1ccc(C(F)(F)F)cc1,C[Si](C)(C)COCC(=O)ON1C(=O)c2ccccc2C1=O,O=CC1CCCC1,7.71172513
477,O=CC1CCN(C(=O)OCc2ccccc2)CC1,CCCC[Sn](CCCC)(CCCC)CN(C[Si](C)(C)C)C(=O)OCC,CCC(C=O)CC,97.55100157
158,O=Cc1cocn1,C[Si](C)(C)COCC(=O)ON1C(=O)c2ccccc2C1=O,O=Cc1ccc(Cl)c(Cl)c1,0.0
957,O=Cc1ccc(-c2ccccn2)cc1,C[Si](C)(C)COCC(=O)ON1C(=O)c2ccccc2C1=O,CCCC(C)C=O,0.966682309
172,O=Cc1ccc2ccccc2c1,C[Si](C)(C)COCC(=O)ON1C(=O)c2ccccc2C1=O,COc1ccc(C=O)cc1Br,46.45958145
17,O=Cc1ccc(Cl)cc1,C[Si](C)(C)COCC(=O)ON1C(=O)c2ccccc2C1=O,O=Cc1cccnc1,0.0
512,O=Cc1cccc(Br)c1,C[Si](C)(C)COCC(=O)ON1C(=O)c2ccccc2C1=O,Cn1cc(C=O)cn1,19.69125355
49,COC(=O)c1ccc(C=O)cc1,C[Si](C)(C)COCC(=O)ON1C(=O)c2ccccc2C1=O,O=Cc1ccc(Cl)cc1,42.10359904
192,O=Cc1ccc2occc2c1,C[Si](C)(C)COCC(=O)ON1C(=O)c2ccccc2C1=O,O=CCC(F)(F)F,0.0
547,N#Cc1ccc(C=O)cc1,C[Si](C)(C)COCC(=O)ON1C(=O)c2ccccc2C1=O,Cn1c(C=O)nc2ccccc21,0.723251682
516,O=Cc1cccc(Br)c1,C[Si](C)(C)COCC(=O)ON1C(=O)c2ccccc2C1=O,O=CC1CCCCC1,39.23847029
877,O=Cc1cc(Cl)cc(Cl)c1,C[Si](C)(C)COCC(=O)ON1C(=O)c2ccccc2C1=O,O=Cc1ccc(Cl)cc1,50.5359308
883,O=Cc1cc(Cl)cc(Cl)c1,C[Si](C)(C)COCC(=O)ON1C(=O)c2ccccc2C1=O,Cn1c(C=O)nc2ccccc21,0.507609168
481,CC(C)(C)c1ccc(C=O)cc1,C[Si](C)(C)COCC(=O)ON1C(=O)c2ccccc2C1=O,O=Cc1ccc(Cl)cc1,38.65916139
284,CC(=O)C1CCOCC1,CCCC[Sn](CCCC)(CCCC)COC[Si](C)(C)C,Cn1cc(C=O)cn1,2.717031797
924,COC(=O)c1ccc(C=O)cc1,C[Si](C)(C)COCC(=O)ON1C(=O)c2ccccc2C1=O,O=CC1CCCCC1,9.214230241
1015,COC(=O)c1ccc(C=O)cc1,C[Si](C)(C)COCC(=O)ON1C(=O)c2ccccc2C1=O,O=CC1CC1,21.16420275
844,O=Cc1ccc(N2CCCC2)cc1,CC(C)(OC[Si](C)(C)C)C(=O)ON1C(=O)c2ccccc2C1=O,O=Cc1ccc(O)cc1,0.0
226,O=C1CCOC1,CCCC[Sn](CCCC)(CCCC)COC[Si](C)(C)C,CCC(C=O)CC,5.959893331
27,O=Cc1cccc(Br)c1,C[Si](C)(C)COCC(=O)ON1C(=O)c2ccccc2C1=O,N#Cc1cc(C=O)ccc1F,9.294769365
1003,O=Cc1ccc(C(F)(F)F)cc1,C[Si](C)(C)COCC(=O)ON1C(=O)c2ccccc2C1=O,O=CC1CC1,0.263751463
1101,COc1ccnc(C=O)c1,CCCC[Sn](CCCC)(CCCC)CN(C[Si](C)(C)C)C(=O)OCC,O=CC1CCN(c2ccccc2)C1,0.010147829
438,O=CC1CCC1,CCCC[Sn](CCCC)(CCCC)CN(C[Si](C)(C)C)C(=O)OCC,Cc1ccc(C=O)cn1,6.032288864
1118,O=Cc1ccc(F)c2ccccc12,CCCC[Sn](CCCC)(CCCC)COC[Si](C)(C)C,O=Cc1ccc2c(c1)OCCO2,5.487031081
365,O=Cc1cccnc1,CCCC[Sn](CCCC)(CCCC)CN(C[Si](C)(C)C)C(=O)OCC,O=Cc1cccnc1,0.0
230,O=C1CCOc2ccccc21,CCCC[Sn](CCCC)(CCCC)COC[Si](C)(C)C,COc1cccc(C=O)c1,2.482266388
38,O=Cc1ccc(C(F)(F)F)cc1,C[Si](C)(C)COCC(=O)ON1C(=O)c2ccccc2C1=O,CC(=O)Nc1ccc(C=O)cc1,5.80029699
670,O=Cc1ccc(-c2ccccc2)cc1,C[Si](C)(C)COCC(=O)ON1C(=O)c2ccccc2C1=O,O=CC1CCC1,47.8796327
750,Cc1ccc(C=O)cn1,CC(OC[Si](C)(C)C)C(=O)ON1C(=O)c2ccccc2C1=O,O=Cc1ccc(-c2ccccn2)cc1,0.59928931
1148,O=Cc1cccc(C(F)(F)F)c1,CCCC[Sn](CCCC)(CCCC)CN(C[Si](C)(C)C)C(=O)OCC,CN1CCCCC(C=O)C1=O,5.064877354
375,O=Cc1ccc(-c2ccccc2)cc1,CCCC[Sn](CCCC)(CCCC)CN(C[Si](C)(C)C)C(=O)OCC,N#Cc1cc(C=O)ccc1F,371.5860519
470,O=CC1CCN(C(=O)OCc2ccccc2)CC1,CCCC[Sn](CCCC)(CCCC)CN(C[Si](C)(C)C)C(=O)OCC,CC(=O)c1ccc(C=O)cc1,2.163609818
1132,C=CCOc1ccc(C=O)cc1,CCCC[Sn](CCCC)(CCCC)COC[Si](C)(C)C,CC(C)(C)c1cccc(C=O)c1O,0.007073574
688,O=Cc1ccc(F)cc1Cl,CC(OC[Si](C)(C)C)C(=O)ON1C(=O)c2ccccc2C1=O,O=Cc1ccc(O)cc1,25.06789621
33,O=Cc1cccc(Br)c1,C[Si](C)(C)COCC(=O)ON1C(=O)c2ccccc2C1=O,CCC(C=O)CC,49.80400364
905,O=Cc1ccc(C(F)(F)F)cc1,C[Si](C)(C)COCC(=O)ON1C(=O)c2ccccc2C1=O,O=Cc1cccnc1,0.700044083
936,N#Cc1ccc(C=O)cc1,C[Si](C)(C)COCC(=O)ON1C(=O)c2ccccc2C1=O,O=CC1CCCCC1,24.07442962
195,O=C1CCOCC1,CCCC[Sn](CCCC)(CCCC)COC[Si](C)(C)C,N#Cc1ccccc1C=O,3.417042607
1060,COc1cc2ccccc2cc1C=O,CCCC[Sn](CCCC)(CCCC)COC[Si](C)(C)C,CC(C)(C)c1cccc(C=O)c1O,0.072423048
1068,CC(C)Cc1ccc(C=O)cc1,CCCC[Sn](CCCC)(CCCC)COC[Si](C)(C)C,Cc1ccc(C=O)c(O)c1,5.911213657
504,O=Cc1cc(Cl)cc(Cl)c1,C[Si](C)(C)COCC(=O)ON1C(=O)c2ccccc2C1=O,O=CC1CCCCC1,50.22956719
876,CC(C)(C)c1ccc(C=O)cc1,C[Si](C)(C)COCC(=O)ON1C(=O)c2ccccc2C1=O,O=CC1CCCCC1,2.72121647
1133,C=CCOc1ccc(C=O)cc1,CCCC[Sn](CCCC)(CCCC)CN(C[Si](C)(C)C)C(=O)OCC,Cc1nc(N(C)C)sc1C=O,2.138968687
1044,O=Cc1ccc(-c2ccccc2)cc1,C[Si](C)(C)COCC(=O)ON1C(=O)c2ccccc2C1=O,COc1ccc(C=O)cc1,1.070148673
801,O=Cc1ccc(Cl)c(Cl)c1,CC(C)(OC[Si](C)(C)C)C(=O)ON1C(=O)c2ccccc2C1=O,O=Cc1ccc(N2CCCC2)cc1,0.0
580,CC(C)(C)c1ccc(C=O)cc1,C[Si](C)(C)COCC(=O)ON1C(=O)c2ccccc2C1=O,Cc1ccc(C=O)cc1,7.798028817
161,O=Cc1cocn1,C[Si](C)(C)COCC(=O)ON1C(=O)c2ccccc2C1=O,O=Cc1cccnc1,0.0
681,Cc1ccc(C=O)cc1,CC(OC[Si](C)(C)C)C(=O)ON1C(=O)c2ccccc2C1=O,CCC(C=O)CC,0.0
1084,Cc1ccc2[nH]cc(C=O)c2c1,CCCC[Sn](CCCC)(CCCC)COC[Si](C)(C)C,CC(C)(C)c1cccc(C=O)c1O,0.007546608
163,O=Cc1cocn1,C[Si](C)(C)COCC(=O)ON1C(=O)c2ccccc2C1=O,O=Cc1nccs1,0.0
822,Cc1cccc(C=O)c1,CC(C)(OC[Si](C)(C)C)C(=O)ON1C(=O)c2ccccc2C1=O,CCCC(C)C=O,0.0
706,O=Cc1cccc(Cl)c1,CC(OC[Si](C)(C)C)C(=O)ON1C(=O)c2ccccc2C1=O,O=CC1CCCC1,10.61477855
903,O=Cc1ccc(C(F)(F)F)cc1,C[Si](C)(C)COCC(=O)ON1C(=O)c2ccccc2C1=O,N#Cc1cc(C=O)ccc1F,1.163534999
153,O=Cc1cccnc1,C[Si](C)(C)COCC(=O)ON1C(=O)c2ccccc2C1=O,O=CC1CC1,0.0
878,O=Cc1cc(Cl)cc(Cl)c1,C[Si](C)(C)COCC(=O)ON1C(=O)c2ccccc2C1=O,CC(=O)Nc1ccc(C=O)cc1,1.441820524
899,O=Cc1cccc(Br)c1,C[Si](C)(C)COCC(=O)ON1C(=O)c2ccccc2C1=O,O=CC1CCCC1,10.19869816
970,CC(C)(C)c1ccc(C=O)cc1,C[Si](C)(C)COCC(=O)ON1C(=O)c2ccccc2C1=O,CC(C)(C)CC=O,0.0
112,O=Cc1cc(Cl)cc(Cl)c1,C[Si](C)(C)COCC(=O)ON1C(=O)c2ccccc2C1=O,COc1ccc(C=O)cc1Br,64.64594863
227,O=C1CCOC1,CCCC[Sn](CCCC)(CCCC)COC[Si](C)(C)C,O=CC1CCC1,1.381238761
885,O=Cc1cc(Cl)cc(Cl)c1,C[Si](C)(C)COCC(=O)ON1C(=O)c2ccccc2C1=O,CCC(C=O)CC,0.0
852,O=Cc1ccc(N2CCCC2)cc1,CC(C)(OC[Si](C)(C)C)C(=O)ON1C(=O)c2ccccc2C1=O,O=Cc1ccc2ccccc2c1,0.0
104,CC(C)(C)c1cc(C=O)cc(C(C)(C)C)c1,C[Si](C)(C)COCC(=O)ON1C(=O)c2ccccc2C1=O,Cn1cc(C=O)cn1,27.25517699
422,CC(C)CC=O,CCCC[Sn](CCCC)(CCCC)CN(C[Si](C)(C)C)C(=O)OCC,CC(=O)c1ccc(C=O)cc1,49.35776841
420,CC(C)(C)C=O,CCCC[Sn](CCCC)(CCCC)CN(C[Si](C)(C)C)C(=O)OCC,O=CC1CCOCC1,78.6246476
964,CC(C)(C)c1ccc(C=O)cc1,C[Si](C)(C)COCC(=O)ON1C(=O)c2ccccc2C1=O,Cc1ccc(C=O)cn1,0.0
587,CC(C)(C)c1ccc(C=O)cc1,C[Si](C)(C)COCC(=O)ON1C(=O)c2ccccc2C1=O,CC(C)(C)CC=O,37.16355297
1000,O=Cc1ccc(C(F)(F)F)cc1,C[Si](C)(C)COCC(=O)ON1C(=O)c2ccccc2C1=O,Cc1ccc(C=O)cn1,0.540663859
673,Cc1ccc(C=O)cc1,CC(OC[Si](C)(C)C)C(=O)ON1C(=O)c2ccccc2C1=O,O=Cc1ccc(C(F)(F)F)cc1,37.63604365
120,O=Cc1cc(Cl)cc(Cl)c1,C[Si](C)(C)COCC(=O)ON1C(=O)c2ccccc2C1=O,O=CCC(F)(F)F,0.120832137
54,COC(=O)c1ccc(C=O)cc1,C[Si](C)(C)COCC(=O)ON1C(=O)c2ccccc2C1=O,O=Cc1cnc(-c2ccccc2)nc1,3.236750428
152,O=Cc1cccnc1,C[Si](C)(C)COCC(=O)ON1C(=O)c2ccccc2C1=O,Cn1cc(C=O)cn1,0.0
404,O=CC1CC1,CCCC[Sn](CCCC)(CCCC)CN(C[Si](C)(C)C)C(=O)OCC,O=Cc1nccs1,0.57633243
1139,O=Cc1cccc(C(F)(F)F)c1,CCCC[Sn](CCCC)(CCCC)COC[Si](C)(C)C,CC(C)(C)OC(=O)n1cnc(C=O)c1,0.080275303
208,O=C1CCC(c2ccccc2)CC1,CCCC[Sn](CCCC)(CCCC)COC[Si](C)(C)C,N#Cc1cc(C=O)ccc1F,55.27890049
1088,Cc1ccc2[nH]cc(C=O)c2c1,CCCC[Sn](CCCC)(CCCC)CN(C[Si](C)(C)C)C(=O)OCC,CN1CCCCC(C=O)C1=O,0.021108334
659,O=Cc1cccnc1,C[Si](C)(C)COCC(=O)ON1C(=O)c2ccccc2C1=O,CC(C)(C)CC=O,0.569313277
1053,O=Cc1ccc(-c2ccccc2)cc1,C[Si](C)(C)COCC(=O)ON1C(=O)c2ccccc2C1=O,CC(C)(C)CC=O,0.0
978,O=Cc1cc(Cl)cc(Cl)c1,C[Si](C)(C)COCC(=O)ON1C(=O)c2ccccc2C1=O,Cc1c(C=O)cnn1-c1ccccc1,6.893593967
9,CC(C)(C)c1ccc(C=O)cc1,C[Si](C)(C)COCC(=O)ON1C(=O)c2ccccc2C1=O,CCC(C=O)CC,3.355211418
160,O=Cc1cocn1,C[Si](C)(C)COCC(=O)ON1C(=O)c2ccccc2C1=O,COc1ccc(C=O)cc1Br,0.0
37,O=Cc1ccc(C(F)(F)F)cc1,C[Si](C)(C)COCC(=O)ON1C(=O)c2ccccc2C1=O,O=Cc1ccc(Cl)cc1,41.15084624
453,O=CC1CCCCC1,CCCC[Sn](CCCC)(CCCC)CN(C[Si](C)(C)C)C(=O)OCC,CCC(C=O)CC,237.1923927
652,O=Cc1cccnc1,C[Si](C)(C)COCC(=O)ON1C(=O)c2ccccc2C1=O,Cc1ccc(C=O)cc1,1.45692287
254,O=C(c1ccccc1)C(F)(F)F,CCCC[Sn](CCCC)(CCCC)COC[Si](C)(C)C,COc1cccc(C=O)c1,1.950725583
304,O=Cc1cc(Cl)cc(Cl)c1,CCCC[Sn](CCCC)(CCCC)CN(C[Si](C)(C)C)C(=O)OCC,O=Cc1ccc(N2CCCC2)cc1,217.0986241
959,O=Cc1ccc(-c2ccccn2)cc1,C[Si](C)(C)COCC(=O)ON1C(=O)c2ccccc2C1=O,O=CC1CCCCC1,9.461228392
881,O=Cc1cc(Cl)cc(Cl)c1,C[Si](C)(C)COCC(=O)ON1C(=O)c2ccccc2C1=O,O=Cc1cccnc1,8.769942398
572,O=Cc1ccc(-c2ccccn2)cc1,C[Si](C)(C)COCC(=O)ON1C(=O)c2ccccc2C1=O,Cn1cc(C=O)cn1,3.37193882
624,O=Cc1ccc(C(F)(F)F)cc1,C[Si](C)(C)COCC(=O)ON1C(=O)c2ccccc2C1=O,O=CC1CCCCC1,3.429355281
913,COC(=O)c1ccc(C=O)cc1,C[Si](C)(C)COCC(=O)ON1C(=O)c2ccccc2C1=O,O=Cc1ccc(Cl)cc1,0.0
925,N#Cc1ccc(C=O)cc1,C[Si](C)(C)COCC(=O)ON1C(=O)c2ccccc2C1=O,O=Cc1ccc(Cl)cc1,21.53224085
915,COC(=O)c1ccc(C=O)cc1,C[Si](C)(C)COCC(=O)ON1C(=O)c2ccccc2C1=O,N#Cc1cc(C=O)ccc1F,0.0
263,O=C(c1ccccc1)C(F)(F)F,CCCC[Sn](CCCC)(CCCC)COC[Si](C)(C)C,O=CC1CCC1,3.212439697
611,O=Cc1cccc(Br)c1,C[Si](C)(C)COCC(=O)ON1C(=O)c2ccccc2C1=O,CC(C)(C)CC=O,2.871789415
298,CC(C)(C)c1ccc(C=O)cc1,CCCC[Sn](CCCC)(CCCC)CN(C[Si](C)(C)C)C(=O)OCC,O=CC1CCCC1,221.6815545
415,CC(C)(C)C=O,CCCC[Sn](CCCC)(CCCC)CN(C[Si](C)(C)C)C(=O)OCC,Cc1cc(C=O)no1,0.0
151,O=Cc1cccnc1,C[Si](C)(C)COCC(=O)ON1C(=O)c2ccccc2C1=O,O=Cc1nccs1,0.0
1009,COC(=O)c1ccc(C=O)cc1,C[Si](C)(C)COCC(=O)ON1C(=O)c2ccccc2C1=O,COc1ccc(C=O)cc1,0.0
779,CC(C)(C)c1ccc(C=O)cc1,CC(C)(OC[Si](C)(C)C)C(=O)ON1C(=O)c2ccccc2C1=O,Cn1nc2ccccc2c1C=O,5.036585366
641,N#Cc1ccc(C=O)cc1,C[Si](C)(C)COCC(=O)ON1C(=O)c2ccccc2C1=O,Cc1ccc(C=O)cn1,4.02823446
1140,O=Cc1cccc(C(F)(F)F)c1,CCCC[Sn](CCCC)(CCCC)COC[Si](C)(C)C,Cc1ccc(C=O)c(O)c1,11.08758516
1126,O=Cc1ccc(F)c2ccccc12,CCCC[Sn](CCCC)(CCCC)CN(C[Si](C)(C)C)C(=O)OCC,COC(=O)N1C=C(C=O)OCC1,0.025415009
551,N#Cc1ccc(C=O)cc1,C[Si](C)(C)COCC(=O)ON1C(=O)c2ccccc2C1=O,O=CC1CCCC1,15.86299142
1012,COC(=O)c1ccc(C=O)cc1,C[Si](C)(C)COCC(=O)ON1C(=O)c2ccccc2C1=O,Cc1ccc(C=O)cn1,0.0
489,CC(C)(C)c1ccc(C=O)cc1,C[Si](C)(C)COCC(=O)ON1C(=O)c2ccccc2C1=O,CCC(C=O)CC,50.2977214
820,Cc1cccc(C=O)c1,CC(C)(OC[Si](C)(C)C)C(=O)ON1C(=O)c2ccccc2C1=O,O=Cc1ccc(O)cc1,5.839198036
711,Cc1cccc(C=O)c1,CC(OC[Si](C)(C)C)C(=O)ON1C(=O)c2ccccc2C1=O,CC(C)(C)c1ccc(C=O)cc1,0.0
1037,O=Cc1cccnc1,C[Si](C)(C)COCC(=O)ON1C(=O)c2ccccc2C1=O,O=Cc1ccc(-n2cncn2)cc1,0.0
148,O=Cc1cccnc1,C[Si](C)(C)COCC(=O)ON1C(=O)c2ccccc2C1=O,COc1ccc(C=O)cc1Br,0.406111472
147,O=Cc1cccnc1,C[Si](C)(C)COCC(=O)ON1C(=O)c2ccccc2C1=O,O=Cc1ccc(F)cc1Cl,0.69913112
927,N#Cc1ccc(C=O)cc1,C[Si](C)(C)COCC(=O)ON1C(=O)c2ccccc2C1=O,N#Cc1cc(C=O)ccc1F,3.861292573
346,COC(=O)c1ccc(C=O)cc1,CCCC[Sn](CCCC)(CCCC)CN(C[Si](C)(C)C)C(=O)OCC,O=CC1CCCC1,142.0321579
951,O=Cc1ccc(-c2ccccn2)cc1,C[Si](C)(C)COCC(=O)ON1C(=O)c2ccccc2C1=O,O=Cc1ccc(CN2CCOCC2)cc1,0.0
1078,CC(C)Cc1ccc(C=O)cc1,CCCC[Sn](CCCC)(CCCC)CN(C[Si](C)(C)C)C(=O)OCC,COC(=O)N1C=C(C=O)OCC1,0.049029775
660,O=Cc1cccnc1,C[Si](C)(C)COCC(=O)ON1C(=O)c2ccccc2C1=O,O=CC1CCCCC1,0.402708311
771,CC(C)(C)c1ccc(C=O)cc1,CC(C)(OC[Si](C)(C)C)C(=O)ON1C(=O)c2ccccc2C1=O,COC(=O)c1ccc(C=O)cc1,0.993611628
349,N#Cc1ccc(C=O)cc1,CCCC[Sn](CCCC)(CCCC)CN(C[Si](C)(C)C)C(=O)OCC,O=Cc1ccc(Cl)cc1,155.7516614
464,O=CC1CCOCC1,CCCC[Sn](CCCC)(CCCC)CN(C[Si](C)(C)C)C(=O)OCC,O=Cc1nccs1,0.0
326,O=Cc1ccc(C(F)(F)F)cc1,CCCC[Sn](CCCC)(CCCC)CN(C[Si](C)(C)C)C(=O)OCC,O=Cc1ccccc1O,399.5788269
187,O=Cc1ccc2occc2c1,C[Si](C)(C)COCC(=O)ON1C(=O)c2ccccc2C1=O,O=Cc1nccs1,0.0
124,O=Cc1cccc(Br)c1,C[Si](C)(C)COCC(=O)ON1C(=O)c2ccccc2C1=O,COc1ccc(C=O)cc1Br,59.62425857
1059,COc1cc2ccccc2cc1C=O,CCCC[Sn](CCCC)(CCCC)COC[Si](C)(C)C,CCCn1nc(C)cc1C=O,0.042511888
609,O=Cc1cccc(Br)c1,C[Si](C)(C)COCC(=O)ON1C(=O)c2ccccc2C1=O,CCC(C=O)CC,3.772200772
144,CC(=O)c1ccc(C=O)cc1,C[Si](C)(C)COCC(=O)ON1C(=O)c2ccccc2C1=O,O=CCC(F)(F)F,0.0
752,Cc1ccc(C=O)cn1,CC(OC[Si](C)(C)C)C(=O)ON1C(=O)c2ccccc2C1=O,Cn1cc(C=O)cn1,0.118441804
1125,O=Cc1ccc(F)c2ccccc12,CCCC[Sn](CCCC)(CCCC)CN(C[Si](C)(C)C)C(=O)OCC,O=CC1CCN(c2ccccc2)C1,1.165477572
907,O=Cc1ccc(C(F)(F)F)cc1,C[Si](C)(C)COCC(=O)ON1C(=O)c2ccccc2C1=O,Cn1c(C=O)nc2ccccc21,1.592273706
198,O=C1CCOCC1,CCCC[Sn](CCCC)(CCCC)COC[Si](C)(C)C,O=Cc1ccc(F)cc1Cl,18.13215296
610,O=Cc1cccc(Br)c1,C[Si](C)(C)COCC(=O)ON1C(=O)c2ccccc2C1=O,O=CC1CCC1,14.54365644
884,O=Cc1cc(Cl)cc(Cl)c1,C[Si](C)(C)COCC(=O)ON1C(=O)c2ccccc2C1=O,Cn1cc(C=O)cn1,0.267692688
837,O=Cc1ccc2c(c1)OCC2,CC(C)(OC[Si](C)(C)C)C(=O)ON1C(=O)c2ccccc2C1=O,O=Cc1ccc(N2CCCC2)cc1,0.0
280,CC(=O)C1CCOCC1,CCCC[Sn](CCCC)(CCCC)COC[Si](C)(C)C,N#Cc1cc(C=O)ccc1F,18.42774584
294,CC(C)(C)c1ccc(C=O)cc1,CCCC[Sn](CCCC)(CCCC)CN(C[Si](C)(C)C)C(=O)OCC,O=Cc1cnc(-c2ccccc2)nc1,21.2866686
1146,O=Cc1cccc(C(F)(F)F)c1,CCCC[Sn](CCCC)(CCCC)CN(C[Si](C)(C)C)C(=O)OCC,O=Cc1cc(O)c(O)c(Cl)c1,5.364284996
401,O=CC1CC1,CCCC[Sn](CCCC)(CCCC)CN(C[Si](C)(C)C)C(=O)OCC,O=Cc1ccncc1,0.0
123,O=Cc1cccc(Br)c1,C[Si](C)(C)COCC(=O)ON1C(=O)c2ccccc2C1=O,O=Cc1ccc(F)cc1Cl,69.99477855
184,O=Cc1ccc2occc2c1,C[Si](C)(C)COCC(=O)ON1C(=O)c2ccccc2C1=O,COc1ccc(C=O)cc1Br,0.679458533
203,O=C1CCOCC1,CCCC[Sn](CCCC)(CCCC)COC[Si](C)(C)C,O=CC1CCC1,4.252325909
439,O=CC1CCC1,CCCC[Sn](CCCC)(CCCC)CN(C[Si](C)(C)C)C(=O)OCC,Cc1cc(C=O)no1,0.0
836,O=Cc1ccc2c(c1)OCC2,CC(C)(OC[Si](C)(C)C)C(=O)ON1C(=O)c2ccccc2C1=O,O=CCC(F)(F)F,0.0
247,CC(=O)c1ccccc1,CCCC[Sn](CCCC)(CCCC)COC[Si](C)(C)C,O=Cc1cccnc1,2.26420688
416,CC(C)(C)C=O,CCCC[Sn](CCCC)(CCCC)CN(C[Si](C)(C)C)C(=O)OCC,O=Cc1nccs1,1.310179411
995,O=Cc1cccc(Br)c1,C[Si](C)(C)COCC(=O)ON1C(=O)c2ccccc2C1=O,O=CC1CCCCC1,0.0
981,O=Cc1cc(Cl)cc(Cl)c1,C[Si](C)(C)COCC(=O)ON1C(=O)c2ccccc2C1=O,O=CC1CCC1,0.0
1093,COc1ccnc(C=O)c1,CCCC[Sn](CCCC)(CCCC)COC[Si](C)(C)C,Cn1cnc2cc(C=O)ccc21,0.171017302
986,O=Cc1cccc(Br)c1,C[Si](C)(C)COCC(=O)ON1C(=O)c2ccccc2C1=O,N#Cc1ccc(C=O)cc1,0.0
53,COC(=O)c1ccc(C=O)cc1,C[Si](C)(C)COCC(=O)ON1C(=O)c2ccccc2C1=O,O=Cc1cccnc1,0.38161424
130,O=Cc1cccc(Br)c1,C[Si](C)(C)COCC(=O)ON1C(=O)c2ccccc2C1=O,O=CC1CCCCC1,54.2716214
638,N#Cc1ccc(C=O)cc1,C[Si](C)(C)COCC(=O)ON1C(=O)c2ccccc2C1=O,COc1ccc(C=O)cc1,0.0
403,O=CC1CC1,CCCC[Sn](CCCC)(CCCC)CN(C[Si](C)(C)C)C(=O)OCC,Cc1cc(C=O)no1,0.0
1005,O=Cc1ccc(C(F)(F)F)cc1,C[Si](C)(C)COCC(=O)ON1C(=O)c2ccccc2C1=O,O=CC1CCC1,48.86379078
989,O=Cc1cccc(Br)c1,C[Si](C)(C)COCC(=O)ON1C(=O)c2ccccc2C1=O,O=Cc1ccc(-n2cncn2)cc1,0.553568804
736,CC(=O)Nc1ccc(C=O)cc1,CC(OC[Si](C)(C)C)C(=O)ON1C(=O)c2ccccc2C1=O,O=Cc1ccc(O)cc1,8.464456017
855,O=Cc1ccc(-c2ccccc2)cc1,CC(C)(OC[Si](C)(C)C)C(=O)ON1C(=O)c2ccccc2C1=O,COC(=O)c1ccc(C=O)cc1,3.330524164
1147,O=Cc1cccc(C(F)(F)F)c1,CCCC[Sn](CCCC)(CCCC)CN(C[Si](C)(C)C)C(=O)OCC,O=Cc1cc(F)c(O)c(F)c1,8.122807254
220,O=C1CCOC1,CCCC[Sn](CCCC)(CCCC)COC[Si](C)(C)C,N#Cc1cc(C=O)ccc1F,10.57097284
642,N#Cc1ccc(C=O)cc1,C[Si](C)(C)COCC(=O)ON1C(=O)c2ccccc2C1=O,O=Cc1ccc(-n2cncn2)cc1,0.0
2,CC(C)(C)c1ccc(C=O)cc1,C[Si](C)(C)COCC(=O)ON1C(=O)c2ccccc2C1=O,CC(=O)Nc1ccc(C=O)cc1,33.28814007
966,CC(C)(C)c1ccc(C=O)cc1,C[Si](C)(C)COCC(=O)ON1C(=O)c2ccccc2C1=O,Cc1c(C=O)cnn1-c1ccccc1,9.549093423
699,O=Cc1cccc(Cl)c1,CC(OC[Si](C)(C)C)C(=O)ON1C(=O)c2ccccc2C1=O,CC(C)(C)c1ccc(C=O)cc1,20.76650231
81,O=Cc1cccnc1,C[Si](C)(C)COCC(=O)ON1C(=O)c2ccccc2C1=O,CCC(C=O)CC,0.0
952,O=Cc1ccc(-c2ccccn2)cc1,C[Si](C)(C)COCC(=O)ON1C(=O)c2ccccc2C1=O,O=Cc1cccnc1,0.0
625,COC(=O)c1ccc(C=O)cc1,C[Si](C)(C)COCC(=O)ON1C(=O)c2ccccc2C1=O,O=Cc1ccc(F)cc1,61.73102561
1049,O=Cc1ccc(-c2ccccc2)cc1,C[Si](C)(C)COCC(=O)ON1C(=O)c2ccccc2C1=O,Cc1c(C=O)cnn1-c1ccccc1,80.9025855
1123,O=Cc1ccc(F)c2ccccc12,CCCC[Sn](CCCC)(CCCC)CN(C[Si](C)(C)C)C(=O)OCC,O=Cc1cc(F)c(O)c(F)c1,6.174569305
387,CC(C)C=O,CCCC[Sn](CCCC)(CCCC)CN(C[Si](C)(C)C)C(=O)OCC,O=Cc1ccc(O)cc1,61.705054
1135,C=CCOc1ccc(C=O)cc1,CCCC[Sn](CCCC)(CCCC)CN(C[Si](C)(C)C)C(=O)OCC,O=Cc1cc(F)c(O)c(F)c1,4.295759845
807,O=Cc1ccccc1,CC(C)(OC[Si](C)(C)C)C(=O)ON1C(=O)c2ccccc2C1=O,COC(=O)c1ccc(C=O)cc1,0.0
510,O=Cc1cccc(Br)c1,C[Si](C)(C)COCC(=O)ON1C(=O)c2ccccc2C1=O,O=Cc1cnc(-c2ccccc2)nc1,5.084104622
268,CC(=O)C1CCCCC1,CCCC[Sn](CCCC)(CCCC)COC[Si](C)(C)C,N#Cc1cc(C=O)ccc1F,14.19983073
1035,O=Cc1cccnc1,C[Si](C)(C)COCC(=O)ON1C(=O)c2ccccc2C1=O,Cc1ccc(C=O)cc1,0.0
442,O=CC1CCC1,CCCC[Sn](CCCC)(CCCC)CN(C[Si](C)(C)C)C(=O)OCC,CCC(C)C=O,235.4190084
497,O=Cc1cc(Cl)cc(Cl)c1,C[Si](C)(C)COCC(=O)ON1C(=O)c2ccccc2C1=O,O=Cc1cccnc1,11.0542751
830,O=Cc1ccc2c(c1)OCC2,CC(C)(OC[Si](C)(C)C)C(=O)ON1C(=O)c2ccccc2C1=O,O=Cc1ccc(F)cc1Cl,0.0
113,O=Cc1cc(Cl)cc(Cl)c1,C[Si](C)(C)COCC(=O)ON1C(=O)c2ccccc2C1=O,O=Cc1cccnc1,0.676783128
692,O=Cc1ccc(F)cc1Cl,CC(OC[Si](C)(C)C)C(=O)ON1C(=O)c2ccccc2C1=O,Cn1cc(C=O)cn1,18.86222997
233,O=C1CCOc2ccccc21,CCCC[Sn](CCCC)(CCCC)COC[Si](C)(C)C,O=Cc1cc(Cl)cc(Cl)c1,34.09151793
472,O=CC1CCN(C(=O)OCc2ccccc2)CC1,CCCC[Sn](CCCC)(CCCC)CN(C[Si](C)(C)C)C(=O)OCC,COc1cccc(C=O)c1,90.7384755
608,O=Cc1cccc(Br)c1,C[Si](C)(C)COCC(=O)ON1C(=O)c2ccccc2C1=O,O=CC1CC1,16.43012939
672,O=Cc1ccc(-c2ccccc2)cc1,C[Si](C)(C)COCC(=O)ON1C(=O)c2ccccc2C1=O,O=CC1CCCCC1,63.77208044
374,O=Cc1ccc(-c2ccccc2)cc1,CCCC[Sn](CCCC)(CCCC)CN(C[Si](C)(C)C)C(=O)OCC,O=Cc1ccccc1O,352.9024076
827,Cc1cccc(C=O)c1,CC(C)(OC[Si](C)(C)C)C(=O)ON1C(=O)c2ccccc2C1=O,Cn1nc2ccccc2c1C=O,5.043795376
975,O=Cc1cc(Cl)cc(Cl)c1,C[Si](C)(C)COCC(=O)ON1C(=O)c2ccccc2C1=O,Cc1ccc(C=O)cc1,0.335421626
664,O=Cc1ccc(-c2ccccc2)cc1,C[Si](C)(C)COCC(=O)ON1C(=O)c2ccccc2C1=O,Cc1ccc(C=O)cc1,0.162187998
1061,COc1cc2ccccc2cc1C=O,CCCC[Sn](CCCC)(CCCC)CN(C[Si](C)(C)C)C(=O)OCC,Cc1nc(N(C)C)sc1C=O,7.779613477
234,O=C1CCOc2ccccc21,CCCC[Sn](CCCC)(CCCC)COC[Si](C)(C)C,O=Cc1ccc(F)cc1Cl,11.90092733
819,Cc1cccc(C=O)c1,CC(C)(OC[Si](C)(C)C)C(=O)ON1C(=O)c2ccccc2C1=O,COC(=O)c1ccc(C=O)cc1,1.521378476
1006,O=Cc1ccc(C(F)(F)F)cc1,C[Si](C)(C)COCC(=O)ON1C(=O)c2ccccc2C1=O,CC(C)(C)CC=O,81.23199052
677,Cc1ccc(C=O)cc1,CC(OC[Si](C)(C)C)C(=O)ON1C(=O)c2ccccc2C1=O,O=Cc1cccnc1,2.886129302
318,O=Cc1cccc(Br)c1,CCCC[Sn](CCCC)(CCCC)CN(C[Si](C)(C)C)C(=O)OCC,O=Cc1cnc(-c2ccccc2)nc1,7.702283423
649,O=Cc1cccnc1,C[Si](C)(C)COCC(=O)ON1C(=O)c2ccccc2C1=O,O=Cc1ccc(F)cc1,0.484475665
411,CC(C)(C)C=O,CCCC[Sn](CCCC)(CCCC)CN(C[Si](C)(C)C)C(=O)OCC,O=Cc1ccc(O)cc1,36.40892118
1087,Cc1ccc2[nH]cc(C=O)c2c1,CCCC[Sn](CCCC)(CCCC)CN(C[Si](C)(C)C)C(=O)OCC,O=Cc1cc(F)c(O)c(F)c1,0.009632118
710,Cc1cccc(C=O)c1,CC(OC[Si](C)(C)C)C(=O)ON1C(=O)c2ccccc2C1=O,O=Cc1ccc(Cl)c(Cl)c1,25.95027176
359,N#Cc1ccc(C=O)cc1,CCCC[Sn](CCCC)(CCCC)CN(C[Si](C)(C)C)C(=O)OCC,CCCC(C)C=O,214.0960881
259,O=C(c1ccccc1)C(F)(F)F,CCCC[Sn](CCCC)(CCCC)COC[Si](C)(C)C,O=Cc1cccnc1,0.0
745,Cc1ccc(C=O)cn1,CC(OC[Si](C)(C)C)C(=O)ON1C(=O)c2ccccc2C1=O,O=Cc1ccc(C(F)(F)F)cc1,4.536125247
973,O=Cc1cc(Cl)cc(Cl)c1,C[Si](C)(C)COCC(=O)ON1C(=O)c2ccccc2C1=O,COc1ccc(C=O)cc1,0.362935414
628,COC(=O)c1ccc(C=O)cc1,C[Si](C)(C)COCC(=O)ON1C(=O)c2ccccc2C1=O,Cc1ccc(C=O)cc1,0.0
633,COC(=O)c1ccc(C=O)cc1,C[Si](C)(C)COCC(=O)ON1C(=O)c2ccccc2C1=O,CCC(C=O)CC,0.0
1014,COC(=O)c1ccc(C=O)cc1,C[Si](C)(C)COCC(=O)ON1C(=O)c2ccccc2C1=O,Cc1c(C=O)cnn1-c1ccccc1,17.78665523
283,CC(=O)C1CCOCC1,CCCC[Sn](CCCC)(CCCC)COC[Si](C)(C)C,O=Cc1cccnc1,0.0
377,O=Cc1ccc(-c2ccccc2)cc1,CCCC[Sn](CCCC)(CCCC)CN(C[Si](C)(C)C)C(=O)OCC,O=Cc1cccnc1,82.1128653
385,CC(C)C=O,CCCC[Sn](CCCC)(CCCC)CN(C[Si](C)(C)C)C(=O)OCC,O=Cc1ccc(F)cc1,106.7988744
225,O=C1CCOC1,CCCC[Sn](CCCC)(CCCC)COC[Si](C)(C)C,CC(C)(C)CC=O,11.59898927
1122,O=Cc1ccc(F)c2ccccc12,CCCC[Sn](CCCC)(CCCC)CN(C[Si](C)(C)C)C(=O)OCC,O=Cc1cc(O)c(O)c(Cl)c1,2.52944379
1031,N#Cc1ccc(C=O)cc1,C[Si](C)(C)COCC(=O)ON1C(=O)c2ccccc2C1=O,O=CC1CCCCC1,0.0
473,O=CC1CCN(C(=O)OCc2ccccc2)CC1,CCCC[Sn](CCCC)(CCCC)CN(C[Si](C)(C)C)C(=O)OCC,O=Cc1ccncc1,10.71253006
348,COC(=O)c1ccc(C=O)cc1,CCCC[Sn](CCCC)(CCCC)CN(C[Si](C)(C)C)C(=O)OCC,O=CC1CCCCC1,435.166569
506,O=Cc1cccc(Br)c1,C[Si](C)(C)COCC(=O)ON1C(=O)c2ccccc2C1=O,CC(=O)Nc1ccc(C=O)cc1,11.81928353
640,N#Cc1ccc(C=O)cc1,C[Si](C)(C)COCC(=O)ON1C(=O)c2ccccc2C1=O,Cc1ccc(C=O)cc1,0.310522319
1143,O=Cc1cccc(C(F)(F)F)c1,CCCC[Sn](CCCC)(CCCC)COC[Si](C)(C)C,CCCn1nc(C)cc1C=O,1.181846906
1119,O=Cc1ccc(F)c2ccccc12,CCCC[Sn](CCCC)(CCCC)COC[Si](C)(C)C,CCCn1nc(C)cc1C=O,5.093045268
798,O=Cc1ccc(Cl)c(Cl)c1,CC(C)(OC[Si](C)(C)C)C(=O)ON1C(=O)c2ccccc2C1=O,CCCC(C)C=O,59.81829355
340,COC(=O)c1ccc(C=O)cc1,CCCC[Sn](CCCC)(CCCC)CN(C[Si](C)(C)C)C(=O)OCC,O=Cc1ccc(N2CCCC2)cc1,286.525434
556,O=Cc1cccnc1,C[Si](C)(C)COCC(=O)ON1C(=O)c2ccccc2C1=O,O=Cc1ccc(CN2CCOCC2)cc1,0.0
620,O=Cc1ccc(C(F)(F)F)cc1,C[Si](C)(C)COCC(=O)ON1C(=O)c2ccccc2C1=O,O=CC1CC1,0.466630346
28,O=Cc1cccc(Br)c1,C[Si](C)(C)COCC(=O)ON1C(=O)c2ccccc2C1=O,O=Cc1ccc(CN2CCOCC2)cc1,0.822565841
796,O=Cc1ccc(Cl)c(Cl)c1,CC(C)(OC[Si](C)(C)C)C(=O)ON1C(=O)c2ccccc2C1=O,O=Cc1ccc(O)cc1,35.33150662
646,N#Cc1ccc(C=O)cc1,C[Si](C)(C)COCC(=O)ON1C(=O)c2ccccc2C1=O,O=CC1CCC1,1.485375867
1013,COC(=O)c1ccc(C=O)cc1,C[Si](C)(C)COCC(=O)ON1C(=O)c2ccccc2C1=O,O=Cc1ccc(-n2cncn2)cc1,6.673204433
953,O=Cc1ccc(-c2ccccn2)cc1,C[Si](C)(C)COCC(=O)ON1C(=O)c2ccccc2C1=O,O=Cc1cnc(-c2ccccc2)nc1,0.707061756
574,O=Cc1ccc(-c2ccccn2)cc1,C[Si](C)(C)COCC(=O)ON1C(=O)c2ccccc2C1=O,CCCC(C)C=O,0.566636151
557,O=Cc1cccnc1,C[Si](C)(C)COCC(=O)ON1C(=O)c2ccccc2C1=O,O=Cc1cccnc1,0.0
682,Cc1ccc(C=O)cc1,CC(OC[Si](C)(C)C)C(=O)ON1C(=O)c2ccccc2C1=O,O=CC1CCCC1,2.237804304
578,CC(C)(C)c1ccc(C=O)cc1,C[Si](C)(C)COCC(=O)ON1C(=O)c2ccccc2C1=O,COc1ccc(C=O)cc1,40.94417379
525,O=Cc1ccc(C(F)(F)F)cc1,C[Si](C)(C)COCC(=O)ON1C(=O)c2ccccc2C1=O,CCC(C=O)CC,28.30754086
541,N#Cc1ccc(C=O)cc1,C[Si](C)(C)COCC(=O)ON1C(=O)c2ccccc2C1=O,O=Cc1ccc(Cl)cc1,51.37989217
749,Cc1ccc(C=O)cn1,CC(OC[Si](C)(C)C)C(=O)ON1C(=O)c2ccccc2C1=O,O=Cc1cccnc1,0.0
1064,COc1cc2ccccc2cc1C=O,CCCC[Sn](CCCC)(CCCC)CN(C[Si](C)(C)C)C(=O)OCC,CN1CCCCC(C=O)C1=O,6.441610065
485,CC(C)(C)c1ccc(C=O)cc1,C[Si](C)(C)COCC(=O)ON1C(=O)c2ccccc2C1=O,O=Cc1cccnc1,13.91207814
96,O=Cc1ccc(-c2ccccn2)cc1,C[Si](C)(C)COCC(=O)ON1C(=O)c2ccccc2C1=O,O=CC1CCCCC1,4.29084176
1021,N#Cc1ccc(C=O)cc1,C[Si](C)(C)COCC(=O)ON1C(=O)c2ccccc2C1=O,COc1ccc(C=O)cc1,50.15440748
564,O=Cc1cccnc1,C[Si](C)(C)COCC(=O)ON1C(=O)c2ccccc2C1=O,O=CC1CCCCC1,0.285728452
743,CC(=O)Nc1ccc(C=O)cc1,CC(OC[Si](C)(C)C)C(=O)ON1C(=O)c2ccccc2C1=O,CC(C)(C)CC=O,0.0
864,O=Cc1ccc(-c2ccccc2)cc1,CC(C)(OC[Si](C)(C)C)C(=O)ON1C(=O)c2ccccc2C1=O,O=Cc1ccc2ccccc2c1,1.365033679
892,O=Cc1cccc(Br)c1,C[Si](C)(C)COCC(=O)ON1C(=O)c2ccccc2C1=O,O=Cc1ccc(CN2CCOCC2)cc1,0.339156509
1039,O=Cc1cccnc1,C[Si](C)(C)COCC(=O)ON1C(=O)c2ccccc2C1=O,O=CC1CC1,0.0
207,O=C1CCC(c2ccccc2)CC1,CCCC[Sn](CCCC)(CCCC)COC[Si](C)(C)C,N#Cc1ccccc1C=O,31.84080583
393,CC(C)C=O,CCCC[Sn](CCCC)(CCCC)CN(C[Si](C)(C)C)C(=O)OCC,CCC(C=O)CC,168.3047753
795,O=Cc1ccc(Cl)c(Cl)c1,CC(C)(OC[Si](C)(C)C)C(=O)ON1C(=O)c2ccccc2C1=O,COC(=O)c1ccc(C=O)cc1,8.769378079
871,CC(C)(C)c1ccc(C=O)cc1,C[Si](C)(C)COCC(=O)ON1C(=O)c2ccccc2C1=O,Cn1c(C=O)nc2ccccc21,2.394018773
398,O=CC1CC1,CCCC[Sn](CCCC)(CCCC)CN(C[Si](C)(C)C)C(=O)OCC,CC(=O)c1ccc(C=O)cc1,12.06597619
767,O=Cc1ccc2ccccc2c1,CC(OC[Si](C)(C)C)C(=O)ON1C(=O)c2ccccc2C1=O,CC(C)(C)CC=O,4.510971392
1056,COc1cc2ccccc2cc1C=O,CCCC[Sn](CCCC)(CCCC)COC[Si](C)(C)C,Cc1ccc(C=O)c(O)c1,0.199779501
1029,N#Cc1ccc(C=O)cc1,C[Si](C)(C)COCC(=O)ON1C(=O)c2ccccc2C1=O,O=CC1CCC1,0.0
643,N#Cc1ccc(C=O)cc1,C[Si](C)(C)COCC(=O)ON1C(=O)c2ccccc2C1=O,Cc1c(C=O)cnn1-c1ccccc1,21.02970533
613,O=Cc1ccc(C(F)(F)F)cc1,C[Si](C)(C)COCC(=O)ON1C(=O)c2ccccc2C1=O,O=Cc1ccc(F)cc1,16.58697127
961,CC(C)(C)c1ccc(C=O)cc1,C[Si](C)(C)COCC(=O)ON1C(=O)c2ccccc2C1=O,COc1ccc(C=O)cc1,54.93656951
726,CC(=O)c1ccc(C=O)cc1,CC(OC[Si](C)(C)C)C(=O)ON1C(=O)c2ccccc2C1=O,O=Cc1ccc(-c2ccccn2)cc1,0.0
684,Cc1ccc(C=O)cc1,CC(OC[Si](C)(C)C)C(=O)ON1C(=O)c2ccccc2C1=O,O=CC1CCCCC1,7.394672599
99,CC(C)(C)c1cc(C=O)cc(C(C)(C)C)c1,C[Si](C)(C)COCC(=O)ON1C(=O)c2ccccc2C1=O,O=Cc1ccc(F)cc1Cl,60.20119535
805,O=Cc1ccccc1,CC(C)(OC[Si](C)(C)C)C(=O)ON1C(=O)c2ccccc2C1=O,O=Cc1ccc(C(F)(F)F)cc1,2.87193662
407,O=CC1CC1,CCCC[Sn](CCCC)(CCCC)CN(C[Si](C)(C)C)C(=O)OCC,O=CC1CCOC1,8.160773266
503,O=Cc1cc(Cl)cc(Cl)c1,C[Si](C)(C)COCC(=O)ON1C(=O)c2ccccc2C1=O,O=CC1CCCC1,33.34112801
930,N#Cc1ccc(C=O)cc1,C[Si](C)(C)COCC(=O)ON1C(=O)c2ccccc2C1=O,O=Cc1cnc(-c2ccccc2)nc1,0.190830094
780,CC(C)(C)c1ccc(C=O)cc1,CC(C)(OC[Si](C)(C)C)C(=O)ON1C(=O)c2ccccc2C1=O,O=Cc1ccc2ccccc2c1,0.604216215
201,O=C1CCOCC1,CCCC[Sn](CCCC)(CCCC)COC[Si](C)(C)C,CC(C)(C)CC=O,7.397639803
135,CC(=O)c1ccc(C=O)cc1,C[Si](C)(C)COCC(=O)ON1C(=O)c2ccccc2C1=O,O=Cc1ccc(F)cc1Cl,2.660942719
1052,O=Cc1ccc(-c2ccccc2)cc1,C[Si](C)(C)COCC(=O)ON1C(=O)c2ccccc2C1=O,O=CC1CCC1,0.0
41,O=Cc1ccc(C(F)(F)F)cc1,C[Si](C)(C)COCC(=O)ON1C(=O)c2ccccc2C1=O,O=Cc1cccnc1,1.75523787
1018,COC(=O)c1ccc(C=O)cc1,C[Si](C)(C)COCC(=O)ON1C(=O)c2ccccc2C1=O,CC(C)(C)CC=O,0.0
231,O=C1CCOc2ccccc21,CCCC[Sn](CCCC)(CCCC)COC[Si](C)(C)C,N#Cc1ccccc1C=O,25.15800164
379,O=Cc1ccc(-c2ccccc2)cc1,CCCC[Sn](CCCC)(CCCC)CN(C[Si](C)(C)C)C(=O)OCC,Cn1c(C=O)nc2ccccc21,1.183749336
289,CC(C)(C)c1ccc(C=O)cc1,CCCC[Sn](CCCC)(CCCC)CN(C[Si](C)(C)C)C(=O)OCC,O=Cc1ccc(Cl)cc1,216.5101997
419,CC(C)(C)C=O,CCCC[Sn](CCCC)(CCCC)CN(C[Si](C)(C)C)C(=O)OCC,O=CC1CCOC1,41.15531766
392,CC(C)C=O,CCCC[Sn](CCCC)(CCCC)CN(C[Si](C)(C)C)C(=O)OCC,O=Cc1nccs1,0.907305855
593,O=Cc1cc(Cl)cc(Cl)c1,C[Si](C)(C)COCC(=O)ON1C(=O)c2ccccc2C1=O,Cc1ccc(C=O)cn1,10.02226998
648,N#Cc1ccc(C=O)cc1,C[Si](C)(C)COCC(=O)ON1C(=O)c2ccccc2C1=O,O=CC1CCCCC1,15.52119248
521,O=Cc1ccc(C(F)(F)F)cc1,C[Si](C)(C)COCC(=O)ON1C(=O)c2ccccc2C1=O,O=Cc1cccnc1,5.219347298
65,N#Cc1ccc(C=O)cc1,C[Si](C)(C)COCC(=O)ON1C(=O)c2ccccc2C1=O,O=Cc1cccnc1,0.463999022
15,O=Cc1ccc(Cl)cc1,C[Si](C)(C)COCC(=O)ON1C(=O)c2ccccc2C1=O,N#Cc1cc(C=O)ccc1F,17.49668078
1065,COc1cc2ccccc2cc1C=O,CCCC[Sn](CCCC)(CCCC)CN(C[Si](C)(C)C)C(=O)OCC,O=CC1CCN(c2ccccc2)C1,1.133931125
493,O=Cc1cc(Cl)cc(Cl)c1,C[Si](C)(C)COCC(=O)ON1C(=O)c2ccccc2C1=O,O=Cc1ccc(Cl)cc1,54.43091138
380,O=Cc1ccc(-c2ccccc2)cc1,CCCC[Sn](CCCC)(CCCC)CN(C[Si](C)(C)C)C(=O)OCC,Cn1cc(C=O)cn1,159.5663529
188,O=Cc1ccc2occc2c1,C[Si](C)(C)COCC(=O)ON1C(=O)c2ccccc2C1=O,Cn1cc(C=O)cn1,0.143909413
764,O=Cc1ccc2ccccc2c1,CC(OC[Si](C)(C)C)C(=O)ON1C(=O)c2ccccc2C1=O,Cn1cc(C=O)cn1,33.40497109
217,O=C1CCOC1,CCCC[Sn](CCCC)(CCCC)COC[Si](C)(C)C,O=Cc1ccc(C(F)(F)F)cc1,16.76415008
792,O=Cc1cccc(F)c1,CC(C)(OC[Si](C)(C)C)C(=O)ON1C(=O)c2ccccc2C1=O,O=Cc1ccc2ccccc2c1,38.34767511
1077,CC(C)Cc1ccc(C=O)cc1,CCCC[Sn](CCCC)(CCCC)CN(C[Si](C)(C)C)C(=O)OCC,O=CC1CCN(c2ccccc2)C1,0.320273926
879,O=Cc1cc(Cl)cc(Cl)c1,C[Si](C)(C)COCC(=O)ON1C(=O)c2ccccc2C1=O,N#Cc1cc(C=O)ccc1F,34.62700881
338,COC(=O)c1ccc(C=O)cc1,CCCC[Sn](CCCC)(CCCC)CN(C[Si](C)(C)C)C(=O)OCC,O=Cc1ccccc1O,365.8353902
720,Cc1cccc(C=O)c1,CC(OC[Si](C)(C)C)C(=O)ON1C(=O)c2ccccc2C1=O,O=CC1CCCCC1,3.847845727
296,CC(C)(C)c1ccc(C=O)cc1,CCCC[Sn](CCCC)(CCCC)CN(C[Si](C)(C)C)C(=O)OCC,Cn1cc(C=O)cn1,150.4825954
1017,COC(=O)c1ccc(C=O)cc1,C[Si](C)(C)COCC(=O)ON1C(=O)c2ccccc2C1=O,O=CC1CCC1,0.0
456,O=CC1CCCCC1,CCCC[Sn](CCCC)(CCCC)CN(C[Si](C)(C)C)C(=O)OCC,O=CC1CCOCC1,188.5576503
816,O=Cc1ccccc1,CC(C)(OC[Si](C)(C)C)C(=O)ON1C(=O)c2ccccc2C1=O,O=Cc1ccc2ccccc2c1,7.091943701
270,CC(=O)C1CCCCC1,CCCC[Sn](CCCC)(CCCC)COC[Si](C)(C)C,O=Cc1ccc(F)cc1Cl,26.02825833
996,O=Cc1ccc(C(F)(F)F)cc1,C[Si](C)(C)COCC(=O)ON1C(=O)c2ccccc2C1=O,O=Cc1ccc(F)cc1,2.775124981
202,O=C1CCOCC1,CCCC[Sn](CCCC)(CCCC)COC[Si](C)(C)C,CCC(C=O)CC,4.792074279
162,O=Cc1cocn1,C[Si](C)(C)COCC(=O)ON1C(=O)c2ccccc2C1=O,O=Cc1cocn1,0.0
730,CC(=O)c1ccc(C=O)cc1,CC(OC[Si](C)(C)C)C(=O)ON1C(=O)c2ccccc2C1=O,O=CC1CCCC1,0.0
402,O=CC1CC1,CCCC[Sn](CCCC)(CCCC)CN(C[Si](C)(C)C)C(=O)OCC,Cc1ccc(C=O)cn1,0.50870458
703,O=Cc1cccc(Cl)c1,CC(OC[Si](C)(C)C)C(=O)ON1C(=O)c2ccccc2C1=O,Cc1nn(-c2ccccc2)cc1C=O,50.07447667
566,O=Cc1ccc(-c2ccccn2)cc1,C[Si](C)(C)COCC(=O)ON1C(=O)c2ccccc2C1=O,CC(=O)Nc1ccc(C=O)cc1,5.241484284
1022,N#Cc1ccc(C=O)cc1,C[Si](C)(C)COCC(=O)ON1C(=O)c2ccccc2C1=O,N#Cc1ccc(C=O)cc1,13.87682054
1026,N#Cc1ccc(C=O)cc1,C[Si](C)(C)COCC(=O)ON1C(=O)c2ccccc2C1=O,Cc1c(C=O)cnn1-c1ccccc1,0.51430688
206,O=C1CCC(c2ccccc2)CC1,CCCC[Sn](CCCC)(CCCC)COC[Si](C)(C)C,COc1cccc(C=O)c1,44.79591747
35,O=Cc1cccc(Br)c1,C[Si](C)(C)COCC(=O)ON1C(=O)c2ccccc2C1=O,CCCC(C)C=O,6.360126607
776,CC(C)(C)c1ccc(C=O)cc1,CC(C)(OC[Si](C)(C)C)C(=O)ON1C(=O)c2ccccc2C1=O,O=CCC(F)(F)F,0.0
509,O=Cc1cccc(Br)c1,C[Si](C)(C)COCC(=O)ON1C(=O)c2ccccc2C1=O,O=Cc1cccnc1,5.326980734
1134,C=CCOc1ccc(C=O)cc1,CCCC[Sn](CCCC)(CCCC)CN(C[Si](C)(C)C)C(=O)OCC,O=Cc1cc(O)c(O)c(Cl)c1,4.711723477
92,O=Cc1ccc(-c2ccccn2)cc1,C[Si](C)(C)COCC(=O)ON1C(=O)c2ccccc2C1=O,Cn1cc(C=O)cn1,1.694468341
898,O=Cc1cccc(Br)c1,C[Si](C)(C)COCC(=O)ON1C(=O)c2ccccc2C1=O,CCCC(C)C=O,4.606749172
565,O=Cc1ccc(-c2ccccn2)cc1,C[Si](C)(C)COCC(=O)ON1C(=O)c2ccccc2C1=O,O=Cc1ccc(Cl)cc1,2.584645757
777,CC(C)(C)c1ccc(C=O)cc1,CC(C)(OC[Si](C)(C)C)C(=O)ON1C(=O)c2ccccc2C1=O,O=Cc1ccc(N2CCCC2)cc1,0.280521282
242,CC(=O)c1ccccc1,CCCC[Sn](CCCC)(CCCC)COC[Si](C)(C)C,COc1cccc(C=O)c1,1.744003604
14,O=Cc1ccc(Cl)cc1,C[Si](C)(C)COCC(=O)ON1C(=O)c2ccccc2C1=O,CC(=O)Nc1ccc(C=O)cc1,26.29489037
316,O=Cc1cccc(Br)c1,CCCC[Sn](CCCC)(CCCC)CN(C[Si](C)(C)C)C(=O)OCC,O=Cc1ccc(N2CCCC2)cc1,194.6023904
601,O=Cc1cccc(Br)c1,C[Si](C)(C)COCC(=O)ON1C(=O)c2ccccc2C1=O,O=Cc1ccc(F)cc1,45.43961772
388,CC(C)C=O,CCCC[Sn](CCCC)(CCCC)CN(C[Si](C)(C)C)C(=O)OCC,COc1cccc(C=O)c1,140.7597745
167,O=Cc1cocn1,C[Si](C)(C)COCC(=O)ON1C(=O)c2ccccc2C1=O,CCC(C=O)CC,0.0
841,O=Cc1ccc(N2CCCC2)cc1,CC(C)(OC[Si](C)(C)C)C(=O)ON1C(=O)c2ccccc2C1=O,O=Cc1ccc(C(F)(F)F)cc1,0.0
21,O=Cc1ccc(Cl)cc1,C[Si](C)(C)COCC(=O)ON1C(=O)c2ccccc2C1=O,CCC(C=O)CC,39.56423533
647,N#Cc1ccc(C=O)cc1,C[Si](C)(C)COCC(=O)ON1C(=O)c2ccccc2C1=O,CC(C)(C)CC=O,15.48767783
832,O=Cc1ccc2c(c1)OCC2,CC(C)(OC[Si](C)(C)C)C(=O)ON1C(=O)c2ccccc2C1=O,O=Cc1ccc(O)cc1,0.0
563,O=Cc1cccnc1,C[Si](C)(C)COCC(=O)ON1C(=O)c2ccccc2C1=O,O=CC1CCCC1,0.0
1121,O=Cc1ccc(F)c2ccccc12,CCCC[Sn](CCCC)(CCCC)CN(C[Si](C)(C)C)C(=O)OCC,Cc1nc(N(C)C)sc1C=O,5.214154696
687,O=Cc1ccc(F)cc1Cl,CC(OC[Si](C)(C)C)C(=O)ON1C(=O)c2ccccc2C1=O,CC(C)(C)c1ccc(C=O)cc1,45.58702345
958,O=Cc1ccc(-c2ccccn2)cc1,C[Si](C)(C)COCC(=O)ON1C(=O)c2ccccc2C1=O,O=CC1CCCC1,1.91011236
190,O=Cc1ccc2occc2c1,C[Si](C)(C)COCC(=O)ON1C(=O)c2ccccc2C1=O,O=CC1CCCCC1,0.0
976,O=Cc1cc(Cl)cc(Cl)c1,C[Si](C)(C)COCC(=O)ON1C(=O)c2ccccc2C1=O,Cc1ccc(C=O)cn1,0.0
700,O=Cc1cccc(Cl)c1,CC(OC[Si](C)(C)C)C(=O)ON1C(=O)c2ccccc2C1=O,O=Cc1ccc(O)cc1,31.01411305
511,O=Cc1cccc(Br)c1,C[Si](C)(C)COCC(=O)ON1C(=O)c2ccccc2C1=O,Cn1c(C=O)nc2ccccc21,0.605230906
1083,Cc1ccc2[nH]cc(C=O)c2c1,CCCC[Sn](CCCC)(CCCC)COC[Si](C)(C)C,CCCn1nc(C)cc1C=O,0.021548324
475,O=CC1CCN(C(=O)OCc2ccccc2)CC1,CCCC[Sn](CCCC)(CCCC)CN(C[Si](C)(C)C)C(=O)OCC,Cc1cc(C=O)no1,0.0
857,O=Cc1ccc(-c2ccccc2)cc1,CC(C)(OC[Si](C)(C)C)C(=O)ON1C(=O)c2ccccc2C1=O,O=CC1CCC1,1.969069874
748,Cc1ccc(C=O)cn1,CC(OC[Si](C)(C)C)C(=O)ON1C(=O)c2ccccc2C1=O,O=Cc1ccc(O)cc1,0.69904061
253,O=C(c1ccccc1)C(F)(F)F,CCCC[Sn](CCCC)(CCCC)COC[Si](C)(C)C,O=Cc1ccc(C(F)(F)F)cc1,0.0
22,O=Cc1ccc(Cl)cc1,C[Si](C)(C)COCC(=O)ON1C(=O)c2ccccc2C1=O,O=CC1CCCC1,22.401954
460,O=CC1CCOCC1,CCCC[Sn](CCCC)(CCCC)CN(C[Si](C)(C)C)C(=O)OCC,COc1cccc(C=O)c1,82.67119833
277,CC(=O)C1CCOCC1,CCCC[Sn](CCCC)(CCCC)COC[Si](C)(C)C,O=Cc1ccc(C(F)(F)F)cc1,22.9872735
956,O=Cc1ccc(-c2ccccn2)cc1,C[Si](C)(C)COCC(=O)ON1C(=O)c2ccccc2C1=O,CCC(C=O)CC,1.141568386
386,CC(C)C=O,CCCC[Sn](CCCC)(CCCC)CN(C[Si](C)(C)C)C(=O)OCC,CC(=O)c1ccc(C=O)cc1,43.3827373
806,O=Cc1ccccc1,CC(C)(OC[Si](C)(C)C)C(=O)ON1C(=O)c2ccccc2C1=O,O=Cc1ccc(F)cc1Cl,1.330946755
344,COC(=O)c1ccc(C=O)cc1,CCCC[Sn](CCCC)(CCCC)CN(C[Si](C)(C)C)C(=O)OCC,Cn1cc(C=O)cn1,134.9420942
770,CC(C)(C)c1ccc(C=O)cc1,CC(C)(OC[Si](C)(C)C)C(=O)ON1C(=O)c2ccccc2C1=O,O=Cc1ccc(F)cc1Cl,0.196267154
131,O=Cc1cccc(Br)c1,C[Si](C)(C)COCC(=O)ON1C(=O)c2ccccc2C1=O,CCC(C=O)CC,63.08973393
872,CC(C)(C)c1ccc(C=O)cc1,C[Si](C)(C)COCC(=O)ON1C(=O)c2ccccc2C1=O,Cn1cc(C=O)cn1,20.76607206
1124,O=Cc1ccc(F)c2ccccc12,CCCC[Sn](CCCC)(CCCC)CN(C[Si](C)(C)C)C(=O)OCC,CN1CCCCC(C=O)C1=O,7.670722121
88,O=Cc1ccc(-c2ccccn2)cc1,C[Si](C)(C)COCC(=O)ON1C(=O)c2ccccc2C1=O,O=Cc1ccc(CN2CCOCC2)cc1,0.280444101
331,O=Cc1ccc(C(F)(F)F)cc1,CCCC[Sn](CCCC)(CCCC)CN(C[Si](C)(C)C)C(=O)OCC,Cn1c(C=O)nc2ccccc21,40.12027621
467,O=CC1CCOCC1,CCCC[Sn](CCCC)(CCCC)CN(C[Si](C)(C)C)C(=O)OCC,O=CC1CCOC1,13.01209414
122,O=Cc1cccc(Br)c1,C[Si](C)(C)COCC(=O)ON1C(=O)c2ccccc2C1=O,O=Cc1ccc(Cl)c(Cl)c1,40.25631753
1045,O=Cc1ccc(-c2ccccc2)cc1,C[Si](C)(C)COCC(=O)ON1C(=O)c2ccccc2C1=O,N#Cc1ccc(C=O)cc1,0.240487538
1096,COc1ccnc(C=O)c1,CCCC[Sn](CCCC)(CCCC)COC[Si](C)(C)C,CC(C)(C)c1cccc(C=O)c1O,0.012127422
1131,C=CCOc1ccc(C=O)cc1,CCCC[Sn](CCCC)(CCCC)COC[Si](C)(C)C,CCCn1nc(C)cc1C=O,0.666813392
861,O=Cc1ccc(-c2ccccc2)cc1,CC(C)(OC[Si](C)(C)C)C(=O)ON1C(=O)c2ccccc2C1=O,O=Cc1ccc(N2CCCC2)cc1,3.752423682
1127,C=CCOc1ccc(C=O)cc1,CCCC[Sn](CCCC)(CCCC)COC[Si](C)(C)C,CC(C)(C)OC(=O)n1cnc(C=O)c1,0.006769944
