Num,Products_Num,A_Pro/IS,Output,Bromide,Bromide_Num,Amine,Amine_Num,Product
1614,1909-27-01-W6,5.760674157,0.3600421348125,FC1=NC=CC(Br)=C1,B30,CC1=CN=C(N)C=C1,A25,Fc1nccc(Nc2ncc(C)cc2)c1
1615,1909-27-01-W7,0.552003033,0.0345001895625002,N#CC1=C(Br)C=NC=C1,B31,CC1=CN=C(N)C=C1,A25,N#Cc1c(Nc2ncc(C)cc2)cncc1
1619,1909-27-01-W11,0.648100959,0.0405063099375002,CC1=CC=CC(Br)=N1,B27,CC1=C(N)C=NC=C1,A26,N(c1c(C)ccnc1)c1nc(C)ccc1
1627,1909-27-01-W19,1.220428089,0.0762767555625002,CC1=CC=CC(Br)=N1,B27,CC1=NC=CC(N)=C1,A27,N(c1nc(C)ccc1)c1cc(C)ncc1
1628,1909-27-01-W20,0.731328321,0.0457080200625002,FC1=CC(Br)=NC=C1,B28,CC1=NC=CC(N)=C1,A27,Fc1cc(Nc2cc(C)ncc2)ncc1
1635,1909-27-01-W27,5.897321429,0.3685825893125,CC1=CC=CC(Br)=N1,B27,FC1=CC=CC(N)=N1,A28,Fc1nc(Nc2nc(C)ccc2)ccc1
1637,1909-27-01-W29,7.367589924,0.46047437025,FC1=CN=CC(Br)=C1,B29,FC1=CC=CC(N)=N1,A28,Fc1nc(Nc2cc(F)cnc2)ccc1
1655,1909-27-01-W47,3.406867061,0.2129291913125,N#CC1=C(Br)C=NC=C1,B31,FC1=C(N)C=CN=C1,A30,Fc1c(Nc2c(C#N)ccnc2)ccnc1
1660,1909-27-01-W52,3.829385737,0.2393366085625,FC1=CC(Br)=NC=C1,B28,N#CC1=CC(N)=NC=C1,A31,Fc1cc(Nc2nccc(C#N)c2)ncc1
1667,1909-27-01-W59,3.649746193,0.2281091370625,CC1=CC=CC(Br)=N1,B27,N#CC1=NC=CC(N)=C1,A32,N#Cc1nccc(Nc2nc(C)ccc2)c1
1668,1909-27-01-W60,1.939274328,0.1212046455,FC1=CC(Br)=NC=C1,B28,N#CC1=NC=CC(N)=C1,A32,Fc1cc(Nc2cc(C#N)ncc2)ncc1
1671,1909-27-01-W63,3.50213086,0.21888317875,N#CC1=C(Br)C=NC=C1,B31,N#CC1=NC=CC(N)=C1,A32,N#Cc1c(Nc2cc(C#N)ncc2)cncc1
1692,1909-27-01-W84,5.627895694,0.351743480875,FC1=CC(Br)=NC=C1,B28,COC1=NC=C(N)C=C1,A35,Fc1cc(Nc2cnc(OC)cc2)ncc1
1695,1909-27-01-W87,4.259118795,0.2661949246875,N#CC1=C(Br)C=NC=C1,B31,COC1=NC=C(N)C=C1,A35,O(C)c1ncc(Nc2c(C#N)ccnc2)cc1
1699,1909-27-01-W91,0.621621622,0.0388513513750002,CC1=CC=CC(Br)=N1,B27,N#CCC1=NC=CC=C1N,A36,N#CCc1c(Nc2nc(C)ccc2)cccn1
1709,1909-27-01-W101,1.561343255,0.0975839534375002,FC1=CN=CC(Br)=C1,B29,O=C(C1=CC=CN=C1N)C,A37,Fc1cc(Nc2c(C(=O)C)cccn2)cnc1
1717,1909-27-01-W109,4.514435696,0.282152231,FC1=CN=CC(Br)=C1,B29,CCOC1=NC=CC(N)=C1,A38,Fc1cc(Nc2cc(OCC)ncc2)cnc1
1723,1909-27-01-W115,7.573845153,0.4733653220625,CC1=CC=CC(Br)=N1,B27,CCOC1=CC(N)=NC=C1,A39,O(CC)c1cc(Nc2nc(C)ccc2)ncc1
1725,1909-27-01-W117,2.617474995,0.1635921871875,FC1=CN=CC(Br)=C1,B29,CCOC1=CC(N)=NC=C1,A39,Fc1cc(Nc2nccc(OCC)c2)cnc1
1726,1909-27-01-W118,3.060616617,0.1912885385625,FC1=NC=CC(Br)=C1,B30,CCOC1=CC(N)=NC=C1,A39,Fc1nccc(Nc2nccc(OCC)c2)c1
1727,1909-27-01-W119,1.168878404,0.0730549002500002,N#CC1=C(Br)C=NC=C1,B31,CCOC1=CC(N)=NC=C1,A39,O(CC)c1cc(Nc2c(C#N)ccnc2)ncc1
1729,1909-27-01-W121,2.493742468,0.15585890425,CC1=CN=CC(Br)=C1,B25,O=[N+](C1=CN=C(N)C=C1)[O-],A40,O=[N+]([O-])c1cnc(Nc2cc(C)cnc2)cc1
1732,1909-27-01-W124,0.95010127,0.0593813293750002,FC1=CC(Br)=NC=C1,B28,O=[N+](C1=CN=C(N)C=C1)[O-],A40,Fc1cc(Nc2ncc([N+](=O)[O-])cc2)ncc1
1762,1909-27-01-W154,1.2249347,0.0765584187500001,CC1=NC=CC(Br)=C1,B26,O=C(OC)C1=CC=NC(N)=C1,A44,O=C(OC)c1cc(Nc2cc(C)ncc2)ncc1
1778,1909-27-01-W170,1.531624916,0.0957265572500002,CC1=NC=CC(Br)=C1,B26,FC(C1=NC=C(N)C=C1)(F)F,A46,FC(F)(F)c1ncc(Nc2cc(C)ncc2)cc1
1780,1909-27-01-W172,3.05840025,0.191150015625,FC1=CC(Br)=NC=C1,B28,FC(C1=NC=C(N)C=C1)(F)F,A46,FC(F)(F)c1ncc(Nc2nccc(F)c2)cc1
1781,1909-27-01-W173,2.876212569,0.1797632855625,FC1=CN=CC(Br)=C1,B29,FC(C1=NC=C(N)C=C1)(F)F,A46,FC(F)(F)c1ncc(Nc2cc(F)cnc2)cc1
1786,1909-27-01-W178,0.484563056,0.0302851910000002,CC1=NC=CC(Br)=C1,B26,FC(C1=NC=CC(N)=C1)(F)F,A47,FC(F)(F)c1nccc(Nc2cc(C)ncc2)c1
1793,1909-27-01-W185,0.689501419,0.0430938386875002,CC1=CN=CC(Br)=C1,B25,O=C(OCC)C1=NC=CC(N)=C1,A48,O=C(OCC)c1nccc(Nc2cc(C)cnc2)c1
1799,1909-27-01-W191,0.34395331,0.0214970818750002,N#CC1=C(Br)C=NC=C1,B31,O=C(OCC)C1=NC=CC(N)=C1,A48,O=C(OCC)c1nccc(Nc2c(C#N)ccnc2)c1
1807,1909-27-01-W199,9.80013754,0.61250859625,O=[N+](C1=CC(Br)=NC=C1)[O-],B39,CC1=CN=C(N)C=C1,A25,O=[N+]([O-])c1cc(Nc2ncc(C)cc2)ncc1
1816,1909-27-01-W208,0.587712261,0.0367320163125002,O=[N+](C1=C(Br)C=NC=C1)[O-],B40,CC1=C(N)C=NC=C1,A26,O=[N+]([O-])c1c(Nc2c(C)ccnc2)cncc1
1819,1909-27-01-W211,0.119736971,0.0074835606875002,COC1=NC=CC(Br)=C1,B35,CC1=NC=CC(N)=C1,A27,O(C)c1nccc(Nc2cc(C)ncc2)c1
1829,1909-27-01-W221,5.09967678,0.31872979875,BrC1=CN=CC(C(C)=O)=C1,B37,FC1=CC=CC(N)=N1,A28,Fc1nc(Nc2cc(C(=O)C)cnc2)ccc1
1838,1909-27-01-W230,0.620197355,0.0387623346875002,CN(C)C1=NC=CC(Br)=C1,B38,FC1=NC=C(N)C=C1,A29,Fc1ncc(Nc2cc(N(C)C)ncc2)cc1
1842,1909-27-01-W234,7.709130564,0.48182066025,COC1=CN=C(Br)C=C1,B34,FC1=C(N)C=CN=C1,A30,Fc1c(Nc2ncc(OC)cc2)ccnc1
1862,1909-27-01-W254,1.400345311,0.0875215819375002,CN(C)C1=NC=CC(Br)=C1,B38,N#CC1=NC=CC(N)=C1,A32,N#Cc1nccc(Nc2cc(N(C)C)ncc2)c1
1869,1909-27-01-W261,0.508237986,0.0317648741250002,BrC1=CN=CC(C(C)=O)=C1,B37,CC1=CC(C)=C(N)C=N1,A33,O=C(C)c1cc(Nc2c(C)cc(C)nc2)cnc1
1881,1909-27-01-W273,2.059563543,0.1287227214375,N#CC1=CN=C(Br)C=C1,B33,COC1=NC=C(N)C=C1,A35,O(C)c1ncc(Nc2ncc(C#N)cc2)cc1
1884,1909-27-01-W276,9.727975406,0.607998462875,COC1=CN=CC(Br)=C1,B36,COC1=NC=C(N)C=C1,A35,O(C)c1ncc(Nc2cc(OC)cnc2)cc1
1885,1909-27-01-W277,5.842161532,0.36513509575,BrC1=CN=CC(C(C)=O)=C1,B37,COC1=NC=C(N)C=C1,A35,O=C(C)c1cc(Nc2cnc(OC)cc2)cnc1
1901,1909-27-01-W293,3.028529627,0.1892831016875,BrC1=CN=CC(C(C)=O)=C1,B37,O=C(C1=CC=CN=C1N)C,A37,O=C(C)c1c(Nc2cc(C(=O)C)cnc2)nccc1
1913,1909-27-01-W305,3.752291896,0.2345182435,N#CC1=CN=C(Br)C=C1,B33,CCOC1=CC(N)=NC=C1,A39,O(CC)c1cc(Nc2ncc(C#N)cc2)ncc1
1923,1909-27-01-W315,3.613933946,0.225870871625,COC1=NC=CC(Br)=C1,B35,O=[N+](C1=CN=C(N)C=C1)[O-],A40,O=[N+]([O-])c1cnc(Nc2cc(OC)ncc2)cc1
1925,1909-27-01-W317,3.681577104,0.230098569,BrC1=CN=CC(C(C)=O)=C1,B37,O=[N+](C1=CN=C(N)C=C1)[O-],A40,O=[N+]([O-])c1cnc(Nc2cc(C(=O)C)cnc2)cc1
1926,1909-27-01-W318,5.823822552,0.3639889095,CN(C)C1=NC=CC(Br)=C1,B38,O=[N+](C1=CN=C(N)C=C1)[O-],A40,O=[N+]([O-])c1cnc(Nc2cc(N(C)C)ncc2)cc1
1927,1909-27-01-W319,4.238558029,0.2649098768125,O=[N+](C1=CC(Br)=NC=C1)[O-],B39,O=[N+](C1=CN=C(N)C=C1)[O-],A40,O=[N+]([O-])c1cc(Nc2ncc([N+](=O)[O-])cc2)ncc1
1934,1909-27-01-W326,0.991123385,0.0619452115625002,CN(C)C1=NC=CC(Br)=C1,B38,O=C(OC)C1=CC=NC=C1N,A41,O=C(OC)c1c(Nc2cc(N(C)C)ncc2)cncc1
1939,1909-27-01-W331,1.586966192,0.0991853870000002,COC1=NC=CC(Br)=C1,B35,O=C(C1=C(N)C=CN=C1)OC,A42,O=C(OC)c1c(Nc2cc(OC)ncc2)ccnc1
1954,1909-27-01-W346,13.14279466,0.82142466625,COC1=CN=C(Br)C=C1,B34,O=C(OC)C1=CC=NC(N)=C1,A44,O=C(OC)c1cc(Nc2ncc(OC)cc2)ncc1
1963,1909-27-01-W355,2.123975737,0.1327484835625,COC1=NC=CC(Br)=C1,B35,NC1=NC=C(C(F)(F)F)C=C1,A45,FC(F)(F)c1cnc(Nc2cc(OC)ncc2)cc1
1965,1909-27-01-W357,2.664372684,0.16652329275,BrC1=CN=CC(C(C)=O)=C1,B37,NC1=NC=C(C(F)(F)F)C=C1,A45,FC(F)(F)c1cnc(Nc2cc(C(=O)C)cnc2)cc1
1966,1909-27-01-W358,6.949383659,0.4343364786875,CN(C)C1=NC=CC(Br)=C1,B38,NC1=NC=C(C(F)(F)F)C=C1,A45,FC(F)(F)c1cnc(Nc2cc(N(C)C)ncc2)cc1
1967,1909-27-01-W359,3.482057716,0.21762860725,O=[N+](C1=CC(Br)=NC=C1)[O-],B39,NC1=NC=C(C(F)(F)F)C=C1,A45,FC(F)(F)c1cnc(Nc2nccc([N+](=O)[O-])c2)cc1
1969,1909-27-01-W361,1.758922623,0.1099326639375,N#CC1=CN=C(Br)C=C1,B33,FC(C1=NC=C(N)C=C1)(F)F,A46,FC(F)(F)c1ncc(Nc2ncc(C#N)cc2)cc1
1971,1909-27-01-W363,3.411098977,0.2131936860625,COC1=NC=CC(Br)=C1,B35,FC(C1=NC=C(N)C=C1)(F)F,A46,FC(F)(F)c1ncc(Nc2cc(OC)ncc2)cc1
1973,1909-27-01-W365,4.341661259,0.2713538286875,BrC1=CN=CC(C(C)=O)=C1,B37,FC(C1=NC=C(N)C=C1)(F)F,A46,FC(F)(F)c1ncc(Nc2cc(C(=O)C)cnc2)cc1
1975,1909-27-01-W367,0.18820315,0.0117626968750002,O=[N+](C1=CC(Br)=NC=C1)[O-],B39,FC(C1=NC=C(N)C=C1)(F)F,A46,FC(F)(F)c1ncc(Nc2nccc([N+](=O)[O-])c2)cc1
1983,1909-27-01-W375,1.192552602,0.0745345376250002,O=[N+](C1=CC(Br)=NC=C1)[O-],B39,FC(C1=NC=CC(N)=C1)(F)F,A47,FC(F)(F)c1nccc(Nc2nccc([N+](=O)[O-])c2)c1
1985,1909-27-01-W377,0.470046083,0.0293778801875002,N#CC1=CN=C(Br)C=C1,B33,O=C(OCC)C1=NC=CC(N)=C1,A48,O=C(OCC)c1nccc(Nc2ncc(C#N)cc2)c1
2009,1909-27-01-W401,2.470178647,0.1543861654375,FC(C1=CC=CC(Br)=N1)F,B41,CC1=NC=CC(N)=C1,A27,FC(F)c1nc(Nc2cc(C)ncc2)ccc1
2012,1909-27-01-W404,1.881679693,0.1176049808125,FC(C1=CC(Br)=NC=C1)(F)F,B44,CC1=NC=CC(N)=C1,A27,FC(F)(F)c1cc(Nc2cc(C)ncc2)ncc1
2024,1909-27-01-W416,3.690684139,0.2306677586875,O=C(OCC)C1=NC=CC(Br)=C1,B48,FC1=CC=CC(N)=N1,A28,Fc1nc(Nc2cc(C(=O)OCC)ncc2)ccc1
2053,1909-27-01-W445,2.38909232,0.14931827,FC(C1=NC=C(Br)C=C1)(F)F,B45,N#CC1=NC=CC(N)=C1,A32,FC(F)(F)c1ncc(Nc2cc(C#N)ncc2)cc1
2057,1909-27-01-W449,5.13798567,0.321124104375,FC(C1=CC=CC(Br)=N1)F,B41,CC1=CC(C)=C(N)C=N1,A33,FC(F)c1nc(Nc2c(C)cc(C)nc2)ccc1
2058,1909-27-01-W450,2.529084245,0.1580677653125,O=C(OC)C1=CN=C(Br)C=C1,B42,CC1=CC(C)=C(N)C=N1,A33,O=C(OC)c1cnc(Nc2c(C)cc(C)nc2)cc1
2059,1909-27-01-W451,4.849229109,0.3030768193125,CC1=CC(Br)=CC(C)=N1,B43,CC1=CC(C)=C(N)C=N1,A33,N(c1c(C)cc(C)nc1)c1cc(C)nc(C)c1
2060,1909-27-01-W452,1.9075728,0.1192233,FC(C1=CC(Br)=NC=C1)(F)F,B44,CC1=CC(C)=C(N)C=N1,A33,FC(F)(F)c1cc(Nc2c(C)cc(C)nc2)ncc1
2074,1909-27-01-W466,2.106033523,0.1316270951875,O=C(OC)C1=CN=C(Br)C=C1,B42,COC1=NC=C(N)C=C1,A35,O=C(OC)c1cnc(Nc2cnc(OC)cc2)cc1
2077,1909-27-01-W469,3.326476871,0.2079048044375,FC(C1=NC=C(Br)C=C1)(F)F,B45,COC1=NC=C(N)C=C1,A35,FC(F)(F)c1ncc(Nc2cnc(OC)cc2)cc1
2083,1909-27-01-W475,4.035173524,0.25219834525,CC1=CC(Br)=CC(C)=N1,B43,N#CCC1=NC=CC=C1N,A36,N#CCc1c(Nc2cc(C)nc(C)c2)cccn1
2092,1909-27-01-W484,1.865988382,0.116624273875,FC(C1=CC(Br)=NC=C1)(F)F,B44,O=C(C1=CC=CN=C1N)C,A37,FC(F)(F)c1cc(Nc2c(C(=O)C)cccn2)ncc1
2105,1909-27-01-W497,6.280085879,0.3925053674375,FC(C1=CC=CC(Br)=N1)F,B41,CCOC1=CC(N)=NC=C1,A39,FC(F)c1nc(Nc2nccc(OCC)c2)ccc1
2109,1909-27-01-W501,1.950494283,0.1219058926875,FC(C1=NC=C(Br)C=C1)(F)F,B45,CCOC1=CC(N)=NC=C1,A39,FC(F)(F)c1ncc(Nc2nccc(OCC)c2)cc1
2118,1909-27-01-W510,3.878438973,0.2424024358125,FC(C1=NC=CC(Br)=C1)(F)F,B46,O=[N+](C1=CN=C(N)C=C1)[O-],A40,FC(F)(F)c1nccc(Nc2ncc([N+](=O)[O-])cc2)c1
2121,1909-27-01-W513,3.214103062,0.200881441375,FC(C1=CC=CC(Br)=N1)F,B41,O=C(OC)C1=CC=NC=C1N,A41,FC(F)c1nc(Nc2c(C(=O)OC)ccnc2)ccc1
2127,1909-27-01-W519,0.074957644,0.00468485275000019,FC(C1=NC=CC=C1Br)(F)F,B47,O=C(OC)C1=CC=NC=C1N,A41,FC(F)(F)c1c(Nc2c(C(=O)OC)ccnc2)cccn1
2129,1909-27-01-W521,1.512728862,0.0945455538750002,FC(C1=CC=CC(Br)=N1)F,B41,O=C(C1=C(N)C=CN=C1)OC,A42,FC(F)c1nc(Nc2c(C(=O)OC)cncc2)ccc1
2131,1909-27-01-W523,2.542033511,0.1588770944375,CC1=CC(Br)=CC(C)=N1,B43,O=C(C1=C(N)C=CN=C1)OC,A42,O=C(OC)c1c(Nc2cc(C)nc(C)c2)ccnc1
2138,1909-27-01-W530,0.815711585,0.0509819740625002,O=C(OC)C1=CN=C(Br)C=C1,B42,O=C(C1=NC=CC(N)=C1)OC,A43,O=C(OC)c1nccc(Nc2ncc(C(=O)OC)cc2)c1
2139,1909-27-01-W531,4.123652697,0.2577282935625,CC1=CC(Br)=CC(C)=N1,B43,O=C(C1=NC=CC(N)=C1)OC,A43,O=C(OC)c1nccc(Nc2cc(C)nc(C)c2)c1
2143,1909-27-01-W535,0.97531425,0.0609571406250002,FC(C1=NC=CC=C1Br)(F)F,B47,O=C(C1=NC=CC(N)=C1)OC,A43,FC(F)(F)c1c(Nc2cc(C(=O)OC)ncc2)cccn1
2153,1909-27-01-W545,4.070743533,0.2544214708125,FC(C1=CC=CC(Br)=N1)F,B41,NC1=NC=C(C(F)(F)F)C=C1,A45,FC(F)(F)c1cnc(Nc2nc(C(F)F)ccc2)cc1
2169,1909-27-01-W561,4.621577306,0.288848581625,FC(C1=CC=CC(Br)=N1)F,B41,FC(C1=NC=CC(N)=C1)(F)F,A47,FC(F)(F)c1nccc(Nc2nc(C(F)F)ccc2)c1
2181,1909-27-01-W573,2.146781689,0.1341738555625,FC(C1=NC=C(Br)C=C1)(F)F,B45,O=C(OCC)C1=NC=CC(N)=C1,A48,FC(F)(F)c1ncc(Nc2cc(C(=O)OCC)ncc2)cc1
1618,1909-27-01-W10,5.98832376805858,0.374270235503661,CC1=NC=CC(Br)=C1,B26,CC1=C(N)C=NC=C1,A26,N(c1c(C)ccnc1)c1cc(C)ncc1
1630,1909-27-01-W22,0.147047218,0.00919045112500019,FC1=NC=CC(Br)=C1,B30,CC1=NC=CC(N)=C1,A27,Fc1nccc(Nc2cc(C)ncc2)c1
1633,1909-27-01-W25,10.04832321,0.628020200625,CC1=CN=CC(Br)=C1,B25,FC1=CC=CC(N)=N1,A28,Fc1nc(Nc2cc(C)cnc2)ccc1
1644,1909-27-01-W36,0.758431588,0.0474019742500002,FC1=CC(Br)=NC=C1,B28,FC1=NC=C(N)C=C1,A29,Fc1ncc(Nc2nccc(F)c2)cc1
1647,1909-27-01-W39,0.374046711,0.0233779194375002,N#CC1=C(Br)C=NC=C1,B31,FC1=NC=C(N)C=C1,A29,Fc1ncc(Nc2c(C#N)ccnc2)cc1
1649,1909-27-01-W41,1.562647475,0.0976654671875002,CC1=CN=CC(Br)=C1,B25,FC1=C(N)C=CN=C1,A30,Fc1c(Nc2cc(C)cnc2)ccnc1
1653,1909-27-01-W45,4.904829883,0.3065518676875,FC1=CN=CC(Br)=C1,B29,FC1=C(N)C=CN=C1,A30,Fc1c(Nc2cc(F)cnc2)ccnc1
1658,1909-27-01-W50,1.088989622,0.0680618513750002,CC1=NC=CC(Br)=C1,B26,N#CC1=CC(N)=NC=C1,A31,N#Cc1cc(Nc2cc(C)ncc2)ncc1
1677,1909-27-01-W69,0.755708431,0.0472317769375002,FC1=CN=CC(Br)=C1,B29,CC1=CC(C)=C(N)C=N1,A33,Fc1cc(Nc2c(C)cc(C)nc2)cnc1
1678,1909-27-01-W70,0.610576289,0.0381610180625002,FC1=NC=CC(Br)=C1,B30,CC1=CC(C)=C(N)C=N1,A33,Fc1nccc(Nc2c(C)cc(C)nc2)c1
1689,1909-27-01-W81,1.520022017,0.0950013760625002,CC1=CN=CC(Br)=C1,B25,COC1=NC=C(N)C=C1,A35,O(C)c1ncc(Nc2cc(C)cnc2)cc1
1690,1909-27-01-W82,0.879234168,0.0549521355000002,CC1=NC=CC(Br)=C1,B26,COC1=NC=C(N)C=C1,A35,O(C)c1ncc(Nc2cc(C)ncc2)cc1
1693,1909-27-01-W85,5.507777277,0.3442360798125,FC1=CN=CC(Br)=C1,B29,COC1=NC=C(N)C=C1,A35,Fc1cc(Nc2cnc(OC)cc2)cnc1
1694,1909-27-01-W86,5.950419972,0.37190124825,FC1=NC=CC(Br)=C1,B30,COC1=NC=C(N)C=C1,A35,Fc1nccc(Nc2cnc(OC)cc2)c1
1698,1909-27-01-W90,2.438857413,0.1524285883125,CC1=NC=CC(Br)=C1,B26,N#CCC1=NC=CC=C1N,A36,N#CCc1c(Nc2cc(C)ncc2)cccn1
1716,1909-27-01-W108,3.500653717,0.2187908573125,FC1=CC(Br)=NC=C1,B28,CCOC1=NC=CC(N)=C1,A38,Fc1cc(Nc2cc(OCC)ncc2)ncc1
1719,1909-27-01-W111,3.914121138,0.244632571125,N#CC1=C(Br)C=NC=C1,B31,CCOC1=NC=CC(N)=C1,A38,O(CC)c1nccc(Nc2c(C#N)ccnc2)c1
1722,1909-27-01-W114,2.220230105,0.1387643815625,CC1=NC=CC(Br)=C1,B26,CCOC1=CC(N)=NC=C1,A39,O(CC)c1cc(Nc2cc(C)ncc2)ncc1
1724,1909-27-01-W116,5.445798357,0.3403623973125,FC1=CC(Br)=NC=C1,B28,CCOC1=CC(N)=NC=C1,A39,Fc1cc(Nc2nccc(OCC)c2)ncc1
1733,1909-27-01-W125,4.389870867,0.2743669291875,FC1=CN=CC(Br)=C1,B29,O=[N+](C1=CN=C(N)C=C1)[O-],A40,Fc1cc(Nc2ncc([N+](=O)[O-])cc2)cnc1
1742,1909-27-01-W134,1.381307339,0.0863317086875002,FC1=NC=CC(Br)=C1,B30,O=C(OC)C1=CC=NC=C1N,A41,Fc1nccc(Nc2c(C(=O)OC)ccnc2)c1
1745,1909-27-01-W137,0.74383009,0.0464893806250002,CC1=CN=CC(Br)=C1,B25,O=C(C1=C(N)C=CN=C1)OC,A42,O=C(OC)c1c(Nc2cc(C)cnc2)ccnc1
1764,1909-27-01-W156,8.063287568,0.503955473,FC1=CC(Br)=NC=C1,B28,O=C(OC)C1=CC=NC(N)=C1,A44,Fc1cc(Nc2nccc(C(=O)OC)c2)ncc1
1771,1909-27-01-W163,10.7452788367763,0.671579927298519,CC1=CC=CC(Br)=N1,B27,NC1=NC=C(C(F)(F)F)C=C1,A45,FC(F)(F)c1cnc(Nc2nc(C)ccc2)cc1
1774,1909-27-01-W166,2.406805641,0.1504253525625,FC1=NC=CC(Br)=C1,B30,NC1=NC=C(C(F)(F)F)C=C1,A45,FC(F)(F)c1cnc(Nc2cc(F)ncc2)cc1
1775,1909-27-01-W167,0.583434343,0.0364646464375002,N#CC1=C(Br)C=NC=C1,B31,NC1=NC=C(C(F)(F)F)C=C1,A45,FC(F)(F)c1cnc(Nc2c(C#N)ccnc2)cc1
1777,1909-27-01-W169,5.448641682,0.340540105125,CC1=CN=CC(Br)=C1,B25,FC(C1=NC=C(N)C=C1)(F)F,A46,FC(F)(F)c1ncc(Nc2cc(C)cnc2)cc1
1782,1909-27-01-W174,2.33486478,0.14592904875,FC1=NC=CC(Br)=C1,B30,FC(C1=NC=C(N)C=C1)(F)F,A46,FC(F)(F)c1ncc(Nc2cc(F)ncc2)cc1
1783,1909-27-01-W175,2.505065808,0.156566613,N#CC1=C(Br)C=NC=C1,B31,FC(C1=NC=C(N)C=C1)(F)F,A46,FC(F)(F)c1ncc(Nc2c(C#N)ccnc2)cc1
1785,1909-27-01-W177,4.817434046,0.301089627875,CC1=CN=CC(Br)=C1,B25,FC(C1=NC=CC(N)=C1)(F)F,A47,FC(F)(F)c1nccc(Nc2cc(C)cnc2)c1
1796,1909-27-01-W188,1.483923177,0.0927451985625002,FC1=CC(Br)=NC=C1,B28,O=C(OCC)C1=NC=CC(N)=C1,A48,Fc1cc(Nc2cc(C(=O)OCC)ncc2)ncc1
1802,1909-27-01-W194,14.30887215,0.894304509375,COC1=CN=C(Br)C=C1,B34,CC1=CN=C(N)C=C1,A25,O(C)c1cnc(Nc2ncc(C)cc2)cc1
1804,1909-27-01-W196,9.709195509,0.6068247193125,COC1=CN=CC(Br)=C1,B36,CC1=CN=C(N)C=C1,A25,O(C)c1cc(Nc2ncc(C)cc2)cnc1
1820,1909-27-01-W212,0.592815786,0.0370509866250002,COC1=CN=CC(Br)=C1,B36,CC1=NC=CC(N)=C1,A27,O(C)c1cc(Nc2cc(C)ncc2)cnc1
1831,1909-27-01-W223,3.634930261,0.2271831413125,O=[N+](C1=CC(Br)=NC=C1)[O-],B39,FC1=CC=CC(N)=N1,A28,Fc1nc(Nc2nccc([N+](=O)[O-])c2)ccc1
1835,1909-27-01-W227,0.262851086,0.0164281928750002,COC1=NC=CC(Br)=C1,B35,FC1=NC=C(N)C=C1,A29,Fc1ncc(Nc2cc(OC)ncc2)cc1
1841,1909-27-01-W233,0.961490238,0.0600931398750002,N#CC1=CN=C(Br)C=C1,B33,FC1=C(N)C=CN=C1,A30,Fc1c(Nc2ncc(C#N)cc2)ccnc1
1845,1909-27-01-W237,5.356101068,0.33475631675,BrC1=CN=CC(C(C)=O)=C1,B37,FC1=C(N)C=CN=C1,A30,Fc1c(Nc2cc(C(=O)C)cnc2)ccnc1
1850,1909-27-01-W242,13.3869362,0.8366835125,COC1=CN=C(Br)C=C1,B34,N#CC1=CC(N)=NC=C1,A31,O(C)c1cnc(Nc2nccc(C#N)c2)cc1
1854,1909-27-01-W246,3.754069425,0.2346293390625,CN(C)C1=NC=CC(Br)=C1,B38,N#CC1=CC(N)=NC=C1,A31,N#Cc1cc(Nc2cc(N(C)C)ncc2)ncc1
1858,1909-27-01-W250,4.183912692,0.26149454325,COC1=CN=C(Br)C=C1,B34,N#CC1=NC=CC(N)=C1,A32,O(C)c1cnc(Nc2cc(C#N)ncc2)cc1
1863,1909-27-01-W255,1.508460029,0.0942787518125002,O=[N+](C1=CC(Br)=NC=C1)[O-],B39,N#CC1=NC=CC(N)=C1,A32,O=[N+]([O-])c1cc(Nc2cc(C#N)ncc2)ncc1
1866,1909-27-01-W258,2.399655905,0.1499784940625,COC1=CN=C(Br)C=C1,B34,CC1=CC(C)=C(N)C=N1,A33,O(C)c1cnc(Nc2c(C)cc(C)nc2)cc1
1868,1909-27-01-W260,1.06387921,0.0664924506250002,COC1=CN=CC(Br)=C1,B36,CC1=CC(C)=C(N)C=N1,A33,O(C)c1cc(Nc2c(C)cc(C)nc2)cnc1
1887,1909-27-01-W279,3.80686478,0.23792904875,O=[N+](C1=CC(Br)=NC=C1)[O-],B39,COC1=NC=C(N)C=C1,A35,O=[N+]([O-])c1cc(Nc2cnc(OC)cc2)ncc1
1890,1909-27-01-W282,0.400250458,0.0250156536250002,COC1=CN=C(Br)C=C1,B34,N#CCC1=NC=CC=C1N,A36,O(C)c1cnc(Nc2c(CC#N)nccc2)cc1
1902,1909-27-01-W294,2.523060374,0.157691273375,CN(C)C1=NC=CC(Br)=C1,B38,O=C(C1=CC=CN=C1N)C,A37,O=C(C)c1c(Nc2cc(N(C)C)ncc2)nccc1
1905,1909-27-01-W297,0.831433713,0.0519646070625002,N#CC1=CN=C(Br)C=C1,B33,CCOC1=NC=CC(N)=C1,A38,O(CC)c1nccc(Nc2ncc(C#N)cc2)c1
1906,1909-27-01-W298,4.199188931,0.2624493081875,COC1=CN=C(Br)C=C1,B34,CCOC1=NC=CC(N)=C1,A38,O(CC)c1nccc(Nc2ncc(OC)cc2)c1
1915,1909-27-01-W307,3.180603448,0.1987877155,COC1=NC=CC(Br)=C1,B35,CCOC1=CC(N)=NC=C1,A39,O(CC)c1cc(Nc2cc(OC)ncc2)ncc1
1917,1909-27-01-W309,2.926974994,0.182935937125,BrC1=CN=CC(C(C)=O)=C1,B37,CCOC1=CC(N)=NC=C1,A39,O=C(C)c1cc(Nc2nccc(OCC)c2)cnc1
1918,1909-27-01-W310,8.476337767,0.5297711104375,CN(C)C1=NC=CC(Br)=C1,B38,CCOC1=CC(N)=NC=C1,A39,O(CC)c1cc(Nc2cc(N(C)C)ncc2)ncc1
1920,1909-27-01-W312,0.178504396,0.0111565247500002,O=[N+](C1=C(Br)C=NC=C1)[O-],B40,CCOC1=CC(N)=NC=C1,A39,O=[N+]([O-])c1c(Nc2nccc(OCC)c2)cncc1
1932,1909-27-01-W324,2.053898709,0.1283686693125,COC1=CN=CC(Br)=C1,B36,O=C(OC)C1=CC=NC=C1N,A41,O=C(OC)c1c(Nc2cc(OC)cnc2)cncc1
1941,1909-27-01-W333,0.373722189,0.0233576368125002,BrC1=CN=CC(C(C)=O)=C1,B37,O=C(C1=C(N)C=CN=C1)OC,A42,O=C(OC)c1c(Nc2cc(C(=O)C)cnc2)ccnc1
1959,1909-27-01-W351,3.002461984,0.187653874,O=[N+](C1=CC(Br)=NC=C1)[O-],B39,O=C(OC)C1=CC=NC(N)=C1,A44,O=[N+]([O-])c1cc(Nc2nccc(C(=O)OC)c2)ncc1
1960,1909-27-01-W352,0.206405275,0.0129003296875002,O=[N+](C1=C(Br)C=NC=C1)[O-],B40,O=C(OC)C1=CC=NC(N)=C1,A44,O=[N+]([O-])c1c(Nc2nccc(C(=O)OC)c2)cncc1
1979,1909-27-01-W371,1.933979475,0.1208737171875,COC1=NC=CC(Br)=C1,B35,FC(C1=NC=CC(N)=C1)(F)F,A47,FC(F)(F)c1nccc(Nc2cc(OC)ncc2)c1
1994,1909-27-01-W386,5.905525854,0.369095365875,O=C(OC)C1=CN=C(Br)C=C1,B42,CC1=CN=C(N)C=C1,A25,O=C(OC)c1cnc(Nc2ncc(C)cc2)cc1
1997,1909-27-01-W389,2.494764328,0.1559227705,FC(C1=NC=C(Br)C=C1)(F)F,B45,CC1=CN=C(N)C=C1,A25,FC(F)(F)c1ncc(Nc2ncc(C)cc2)cc1
2001,1909-27-01-W393,3.015448329,0.1884655205625,FC(C1=CC=CC(Br)=N1)F,B41,CC1=C(N)C=NC=C1,A26,FC(F)c1nc(Nc2c(C)ccnc2)ccc1
2006,1909-27-01-W398,2.442117549,0.1526323468125,FC(C1=NC=CC(Br)=C1)(F)F,B46,CC1=C(N)C=NC=C1,A26,FC(F)(F)c1nccc(Nc2c(C)ccnc2)c1
2015,1909-27-01-W407,3.996382183,0.2497738864375,FC(C1=NC=CC=C1Br)(F)F,B47,CC1=NC=CC(N)=C1,A27,FC(F)(F)c1c(Nc2cc(C)ncc2)cccn1
2028,1909-27-01-W420,0.773068826,0.0483168016250002,FC(C1=CC(Br)=NC=C1)(F)F,B44,FC1=NC=C(N)C=C1,A29,FC(F)(F)c1cc(Nc2cnc(F)cc2)ncc1
2029,1909-27-01-W421,2.515113158,0.157194572375,FC(C1=NC=C(Br)C=C1)(F)F,B45,FC1=NC=C(N)C=C1,A29,FC(F)(F)c1ncc(Nc2cnc(F)cc2)cc1
2031,1909-27-01-W423,2.109855272,0.1318659545,FC(C1=NC=CC=C1Br)(F)F,B47,FC1=NC=C(N)C=C1,A29,FC(F)(F)c1c(Nc2cnc(F)cc2)cccn1
2036,1909-27-01-W428,4.895211659,0.3059507286875,FC(C1=CC(Br)=NC=C1)(F)F,B44,FC1=C(N)C=CN=C1,A30,FC(F)(F)c1cc(Nc2c(F)cncc2)ncc1
2048,1909-27-01-W440,1.462513573,0.0914070983125002,O=C(OCC)C1=NC=CC(Br)=C1,B48,N#CC1=CC(N)=NC=C1,A31,O=C(OCC)c1nccc(Nc2nccc(C#N)c2)c1
2055,1909-27-01-W447,1.888397659,0.1180248536875,FC(C1=NC=CC=C1Br)(F)F,B47,N#CC1=NC=CC(N)=C1,A32,FC(F)(F)c1c(Nc2cc(C#N)ncc2)cccn1
2061,1909-27-01-W453,3.748386817,0.2342741760625,FC(C1=NC=C(Br)C=C1)(F)F,B45,CC1=CC(C)=C(N)C=N1,A33,FC(F)(F)c1ncc(Nc2c(C)cc(C)nc2)cc1
2062,1909-27-01-W454,3.849869999,0.2406168749375,FC(C1=NC=CC(Br)=C1)(F)F,B46,CC1=CC(C)=C(N)C=N1,A33,FC(F)(F)c1nccc(Nc2c(C)cc(C)nc2)c1
2078,1909-27-01-W470,3.563067214,0.222691700875,FC(C1=NC=CC(Br)=C1)(F)F,B46,COC1=NC=C(N)C=C1,A35,FC(F)(F)c1nccc(Nc2cnc(OC)cc2)c1
2080,1909-27-01-W472,2.549585402,0.159349087625,O=C(OCC)C1=NC=CC(Br)=C1,B48,COC1=NC=C(N)C=C1,A35,O=C(OCC)c1nccc(Nc2cnc(OC)cc2)c1
2094,1909-27-01-W486,0.369720844,0.0231075527500002,FC(C1=NC=CC(Br)=C1)(F)F,B46,O=C(C1=CC=CN=C1N)C,A37,FC(F)(F)c1nccc(Nc2c(C(=O)C)cccn2)c1
2104,1909-27-01-W496,3.23501434,0.20218839625,O=C(OCC)C1=NC=CC(Br)=C1,B48,CCOC1=NC=CC(N)=C1,A38,O=C(OCC)c1nccc(Nc2cc(OCC)ncc2)c1
2112,1909-27-01-W504,2.739360528,0.171210033,O=C(OCC)C1=NC=CC(Br)=C1,B48,CCOC1=CC(N)=NC=C1,A39,O=C(OCC)c1nccc(Nc2nccc(OCC)c2)c1
2125,1909-27-01-W517,0.770898282,0.0481811426250002,FC(C1=NC=C(Br)C=C1)(F)F,B45,O=C(OC)C1=CC=NC=C1N,A41,FC(F)(F)c1ncc(Nc2c(C(=O)OC)ccnc2)cc1
2132,1909-27-01-W524,0.239963503,0.0149977189375002,FC(C1=CC(Br)=NC=C1)(F)F,B44,O=C(C1=C(N)C=CN=C1)OC,A42,FC(F)(F)c1cc(Nc2c(C(=O)OC)cncc2)ncc1
2134,1909-27-01-W526,0.292485936,0.0182803710000002,FC(C1=NC=CC(Br)=C1)(F)F,B46,O=C(C1=C(N)C=CN=C1)OC,A42,FC(F)(F)c1nccc(Nc2c(C(=O)OC)cncc2)c1
2141,1909-27-01-W533,0.352708953,0.0220443095625002,FC(C1=NC=C(Br)C=C1)(F)F,B45,O=C(C1=NC=CC(N)=C1)OC,A43,FC(F)(F)c1ncc(Nc2cc(C(=O)OC)ncc2)cc1
2144,1909-27-01-W536,2.331502305,0.1457188940625,O=C(OCC)C1=NC=CC(Br)=C1,B48,O=C(C1=NC=CC(N)=C1)OC,A43,O=C(OCC)c1nccc(Nc2cc(C(=O)OC)ncc2)c1
2154,1909-27-01-W546,2.075077215,0.1296923259375,O=C(OC)C1=CN=C(Br)C=C1,B42,NC1=NC=C(C(F)(F)F)C=C1,A45,FC(F)(F)c1cnc(Nc2ncc(C(=O)OC)cc2)cc1
2168,1909-27-01-W560,2.713857933,0.1696161208125,O=C(OCC)C1=NC=CC(Br)=C1,B48,FC(C1=NC=C(N)C=C1)(F)F,A46,FC(F)(F)c1ncc(Nc2cc(C(=O)OCC)ncc2)cc1
2184,1909-27-01-W576,3.303332771,0.2064582981875,O=C(OCC)C1=NC=CC(Br)=C1,B48,O=C(OCC)C1=NC=CC(N)=C1,A48,O=C(OCC)c1nccc(Nc2cc(C(=O)OCC)ncc2)c1
1613,1909-27-01-W5,4.866633052,0.30416456575,FC1=CN=CC(Br)=C1,B29,CC1=CN=C(N)C=C1,A25,Fc1cc(Nc2ncc(C)cc2)cnc1
1639,1909-27-01-W31,3.343076923,0.2089423076875,N#CC1=C(Br)C=NC=C1,B31,FC1=CC=CC(N)=N1,A28,Fc1nc(Nc2c(C#N)ccnc2)ccc1
1657,1909-27-01-W49,4.66198044,0.2913737775,CC1=CN=CC(Br)=C1,B25,N#CC1=CC(N)=NC=C1,A31,N#Cc1cc(Nc2cc(C)cnc2)ncc1
1663,1909-27-01-W55,3.6634182,0.2289636375,N#CC1=C(Br)C=NC=C1,B31,N#CC1=CC(N)=NC=C1,A31,N#Cc1c(Nc2nccc(C#N)c2)cncc1
1665,1909-27-01-W57,5.247819862,0.327988741375,CC1=CN=CC(Br)=C1,B25,N#CC1=NC=CC(N)=C1,A32,N#Cc1nccc(Nc2cc(C)cnc2)c1
1669,1909-27-01-W61,3.1644555,0.19777846875,FC1=CN=CC(Br)=C1,B29,N#CC1=NC=CC(N)=C1,A32,Fc1cc(Nc2cc(C#N)ncc2)cnc1
1674,1909-27-01-W66,0.0,1.94289029309402e-16,CC1=NC=CC(Br)=C1,B26,CC1=CC(C)=C(N)C=N1,A33,N(c1c(C)cc(C)nc1)c1cc(C)ncc1
1675,1909-27-01-W67,0.825749302,0.0516093313750002,CC1=CC=CC(Br)=N1,B27,CC1=CC(C)=C(N)C=N1,A33,N(c1c(C)cc(C)nc1)c1nc(C)ccc1
1676,1909-27-01-W68,1.364764268,0.0852977667500002,FC1=CC(Br)=NC=C1,B28,CC1=CC(C)=C(N)C=N1,A33,Fc1cc(Nc2c(C)cc(C)nc2)ncc1
1679,1909-27-01-W71,0.288834005,0.0180521253125002,N#CC1=C(Br)C=NC=C1,B31,CC1=CC(C)=C(N)C=N1,A33,N#Cc1c(Nc2c(C)cc(C)nc2)cncc1
1697,1909-27-01-W89,0.048472697,0.00302954356250018,CC1=CN=CC(Br)=C1,B25,N#CCC1=NC=CC=C1N,A36,N#CCc1c(Nc2cc(C)cnc2)cccn1
1706,1909-27-01-W98,0.515001547,0.0321875966875002,CC1=NC=CC(Br)=C1,B26,O=C(C1=CC=CN=C1N)C,A37,O=C(C)c1c(Nc2cc(C)ncc2)nccc1
1708,1909-27-01-W100,3.693082988,0.23081768675,FC1=CC(Br)=NC=C1,B28,O=C(C1=CC=CN=C1N)C,A37,Fc1cc(Nc2c(C(=O)C)cccn2)ncc1
1710,1909-27-01-W102,0.833909065,0.0521193165625002,FC1=NC=CC(Br)=C1,B30,O=C(C1=CC=CN=C1N)C,A37,Fc1nccc(Nc2c(C(=O)C)cccn2)c1
1713,1909-27-01-W105,0.609539121,0.0380961950625002,CC1=CN=CC(Br)=C1,B25,CCOC1=NC=CC(N)=C1,A38,O(CC)c1nccc(Nc2cc(C)cnc2)c1
1718,1909-27-01-W110,2.094535993,0.1309084995625,FC1=NC=CC(Br)=C1,B30,CCOC1=NC=CC(N)=C1,A38,Fc1nccc(Nc2cc(OCC)ncc2)c1
1721,1909-27-01-W113,4.364631783,0.2727894864375,CC1=CN=CC(Br)=C1,B25,CCOC1=CC(N)=NC=C1,A39,O(CC)c1cc(Nc2cc(C)cnc2)ncc1
1731,1909-27-01-W123,1.928808594,0.120550537125,CC1=CC=CC(Br)=N1,B27,O=[N+](C1=CN=C(N)C=C1)[O-],A40,O=[N+]([O-])c1cnc(Nc2nc(C)ccc2)cc1
1734,1909-27-01-W126,4.210277828,0.26314236425,FC1=NC=CC(Br)=C1,B30,O=[N+](C1=CN=C(N)C=C1)[O-],A40,Fc1nccc(Nc2ncc([N+](=O)[O-])cc2)c1
1737,1909-27-01-W129,5.691072732,0.35569204575,CC1=CN=CC(Br)=C1,B25,O=C(OC)C1=CC=NC=C1N,A41,O=C(OC)c1c(Nc2cc(C)cnc2)cncc1
1739,1909-27-01-W131,1.879432624,0.117464539,CC1=CC=CC(Br)=N1,B27,O=C(OC)C1=CC=NC=C1N,A41,O=C(OC)c1c(Nc2nc(C)ccc2)cncc1
1747,1909-27-01-W139,0.38615473,0.0241346706250002,CC1=CC=CC(Br)=N1,B27,O=C(C1=C(N)C=CN=C1)OC,A42,O=C(OC)c1c(Nc2nc(C)ccc2)ccnc1
1751,1909-27-01-W143,0.191887055,0.0119929409375002,N#CC1=C(Br)C=NC=C1,B31,O=C(C1=C(N)C=CN=C1)OC,A42,O=C(OC)c1c(Nc2c(C#N)ccnc2)ccnc1
1757,1909-27-01-W149,0.417672029,0.0261045018125002,FC1=CN=CC(Br)=C1,B29,O=C(C1=NC=CC(N)=C1)OC,A43,Fc1cc(Nc2cc(C(=O)OC)ncc2)cnc1
1765,1909-27-01-W157,3.497583643,0.2185989776875,FC1=CN=CC(Br)=C1,B29,O=C(OC)C1=CC=NC(N)=C1,A44,Fc1cc(Nc2nccc(C(=O)OC)c2)cnc1
1766,1909-27-01-W158,3.671386487,0.2294616554375,FC1=NC=CC(Br)=C1,B30,O=C(OC)C1=CC=NC(N)=C1,A44,Fc1nccc(Nc2nccc(C(=O)OC)c2)c1
1790,1909-27-01-W182,1.537262396,0.0960788997500002,FC1=NC=CC(Br)=C1,B30,FC(C1=NC=CC(N)=C1)(F)F,A47,FC(F)(F)c1nccc(Nc2cc(F)ncc2)c1
1794,1909-27-01-W186,0.509861933,0.0318663708125002,CC1=NC=CC(Br)=C1,B26,O=C(OCC)C1=NC=CC(N)=C1,A48,O=C(OCC)c1nccc(Nc2cc(C)ncc2)c1
1815,1909-27-01-W207,2.47205101,0.154503188125,O=[N+](C1=CC(Br)=NC=C1)[O-],B39,CC1=C(N)C=NC=C1,A26,O=[N+]([O-])c1cc(Nc2c(C)ccnc2)ncc1
1821,1909-27-01-W213,0.369477912,0.0230923695000002,BrC1=CN=CC(C(C)=O)=C1,B37,CC1=NC=CC(N)=C1,A27,O=C(C)c1cc(Nc2cc(C)ncc2)cnc1
1823,1909-27-01-W215,0.672024952,0.0420015595000002,O=[N+](C1=CC(Br)=NC=C1)[O-],B39,CC1=NC=CC(N)=C1,A27,O=[N+]([O-])c1cc(Nc2cc(C)ncc2)ncc1
1824,1909-27-01-W216,0.583145646,0.0364466028750002,O=[N+](C1=C(Br)C=NC=C1)[O-],B40,CC1=NC=CC(N)=C1,A27,O=[N+]([O-])c1c(Nc2cc(C)ncc2)cncc1
1844,1909-27-01-W236,10.54281623,0.658926014375,COC1=CN=CC(Br)=C1,B36,FC1=C(N)C=CN=C1,A30,Fc1c(Nc2cc(OC)cnc2)ccnc1
1847,1909-27-01-W239,6.961531244,0.43509570275,O=[N+](C1=CC(Br)=NC=C1)[O-],B39,FC1=C(N)C=CN=C1,A30,Fc1c(Nc2nccc([N+](=O)[O-])c2)ccnc1
1851,1909-27-01-W243,0.21829022,0.0136431387500002,COC1=NC=CC(Br)=C1,B35,N#CC1=CC(N)=NC=C1,A31,O(C)c1nccc(Nc2nccc(C#N)c2)c1
1853,1909-27-01-W245,3.566835396,0.22292721225,BrC1=CN=CC(C(C)=O)=C1,B37,N#CC1=CC(N)=NC=C1,A31,O=C(C)c1cc(Nc2nccc(C#N)c2)cnc1
1857,1909-27-01-W249,1.011469143,0.0632168214375002,N#CC1=CN=C(Br)C=C1,B33,N#CC1=NC=CC(N)=C1,A32,N#Cc1nccc(Nc2ncc(C#N)cc2)c1
1865,1909-27-01-W257,0.346685203,0.0216678251875002,N#CC1=CN=C(Br)C=C1,B33,CC1=CC(C)=C(N)C=N1,A33,N#Cc1cnc(Nc2c(C)cc(C)nc2)cc1
1888,1909-27-01-W280,0.029974016,0.0018733760000002,O=[N+](C1=C(Br)C=NC=C1)[O-],B40,COC1=NC=C(N)C=C1,A35,O=[N+]([O-])c1c(Nc2cnc(OC)cc2)cncc1
1903,1909-27-01-W295,0.036856534,0.00230353337500019,O=[N+](C1=CC(Br)=NC=C1)[O-],B39,O=C(C1=CC=CN=C1N)C,A37,O=[N+]([O-])c1cc(Nc2c(C(=O)C)cccn2)ncc1
1911,1909-27-01-W303,1.922260838,0.120141302375,O=[N+](C1=CC(Br)=NC=C1)[O-],B39,CCOC1=NC=CC(N)=C1,A38,O=[N+]([O-])c1cc(Nc2cc(OCC)ncc2)ncc1
1914,1909-27-01-W306,8.043255132,0.50270344575,COC1=CN=C(Br)C=C1,B34,CCOC1=CC(N)=NC=C1,A39,O(CC)c1cc(Nc2ncc(OC)cc2)ncc1
1916,1909-27-01-W308,4.125801421,0.2578625888125,COC1=CN=CC(Br)=C1,B36,CCOC1=CC(N)=NC=C1,A39,O(CC)c1cc(Nc2cc(OC)cnc2)ncc1
1921,1909-27-01-W313,4.035909588,0.25224434925,N#CC1=CN=C(Br)C=C1,B33,O=[N+](C1=CN=C(N)C=C1)[O-],A40,O=[N+]([O-])c1cnc(Nc2ncc(C#N)cc2)cc1
1924,1909-27-01-W316,3.458539264,0.216158704,COC1=CN=CC(Br)=C1,B36,O=[N+](C1=CN=C(N)C=C1)[O-],A40,O=[N+]([O-])c1cnc(Nc2cc(OC)cnc2)cc1
1940,1909-27-01-W332,0.609047752,0.0380654845000002,COC1=CN=CC(Br)=C1,B36,O=C(C1=C(N)C=CN=C1)OC,A42,O=C(OC)c1c(Nc2cc(OC)cnc2)ccnc1
1945,1909-27-01-W337,0.183154506,0.0114471566250002,N#CC1=CN=C(Br)C=C1,B33,O=C(C1=NC=CC(N)=C1)OC,A43,O=C(OC)c1nccc(Nc2ncc(C#N)cc2)c1
1978,1909-27-01-W370,3.073877772,0.19211736075,COC1=CN=C(Br)C=C1,B34,FC(C1=NC=CC(N)=C1)(F)F,A47,FC(F)(F)c1nccc(Nc2ncc(OC)cc2)c1
1995,1909-27-01-W387,2.248977644,0.14056110275,CC1=CC(Br)=CC(C)=N1,B43,CC1=CN=C(N)C=C1,A25,N(c1ncc(C)cc1)c1cc(C)nc(C)c1
2002,1909-27-01-W394,1.158914389,0.0724321493125002,O=C(OC)C1=CN=C(Br)C=C1,B42,CC1=C(N)C=NC=C1,A26,O=C(OC)c1cnc(Nc2c(C)ccnc2)cc1
2004,1909-27-01-W396,1.747469869,0.1092168668125,FC(C1=CC(Br)=NC=C1)(F)F,B44,CC1=C(N)C=NC=C1,A26,FC(F)(F)c1cc(Nc2c(C)ccnc2)ncc1
2008,1909-27-01-W400,4.052166959,0.2532604349375,O=C(OCC)C1=NC=CC(Br)=C1,B48,CC1=C(N)C=NC=C1,A26,O=C(OCC)c1nccc(Nc2c(C)ccnc2)c1
2011,1909-27-01-W403,3.060918186,0.191307386625,CC1=CC(Br)=CC(C)=N1,B43,CC1=NC=CC(N)=C1,A27,N(c1cc(C)nc(C)c1)c1cc(C)ncc1
2020,1909-27-01-W412,4.00699300699301,0.250437062937063,FC(C1=CC(Br)=NC=C1)(F)F,B44,FC1=CC=CC(N)=N1,A28,FC(F)(F)c1cc(Nc2nc(F)ccc2)ncc1
2025,1909-27-01-W417,2.691125542,0.168195346375,FC(C1=CC=CC(Br)=N1)F,B41,FC1=NC=C(N)C=C1,A29,FC(F)c1nc(Nc2cnc(F)cc2)ccc1
2030,1909-27-01-W422,1.170159606,0.0731349753750002,FC(C1=NC=CC(Br)=C1)(F)F,B46,FC1=NC=C(N)C=C1,A29,FC(F)(F)c1nccc(Nc2cnc(F)cc2)c1
2035,1909-27-01-W427,0.558034633,0.0348771645625002,CC1=CC(Br)=CC(C)=N1,B43,FC1=C(N)C=CN=C1,A30,Fc1c(Nc2cc(C)nc(C)c2)ccnc1
2037,1909-27-01-W429,2.72161967,0.170101229375,FC(C1=NC=C(Br)C=C1)(F)F,B45,FC1=C(N)C=CN=C1,A30,FC(F)(F)c1ncc(Nc2c(F)cncc2)cc1
2039,1909-27-01-W431,1.771639674,0.110727479625,FC(C1=NC=CC=C1Br)(F)F,B47,FC1=C(N)C=CN=C1,A30,FC(F)(F)c1c(Nc2c(F)cncc2)cccn1
2041,1909-27-01-W433,4.394020828,0.27462630175,FC(C1=CC=CC(Br)=N1)F,B41,N#CC1=CC(N)=NC=C1,A31,FC(F)c1nc(Nc2nccc(C#N)c2)ccc1
2046,1909-27-01-W438,1.150850959,0.0719281849375002,FC(C1=NC=CC(Br)=C1)(F)F,B46,N#CC1=CC(N)=NC=C1,A31,FC(F)(F)c1nccc(Nc2nccc(C#N)c2)c1
2049,1909-27-01-W441,3.628144602,0.226759037625,FC(C1=CC=CC(Br)=N1)F,B41,N#CC1=NC=CC(N)=C1,A32,FC(F)c1nc(Nc2cc(C#N)ncc2)ccc1
2054,1909-27-01-W446,1.623267851,0.1014542406875,FC(C1=NC=CC(Br)=C1)(F)F,B46,N#CC1=NC=CC(N)=C1,A32,FC(F)(F)c1nccc(Nc2cc(C#N)ncc2)c1
2063,1909-27-01-W455,1.282830544,0.0801769090000002,FC(C1=NC=CC=C1Br)(F)F,B47,CC1=CC(C)=C(N)C=N1,A33,FC(F)(F)c1c(Nc2c(C)cc(C)nc2)cccn1
2073,1909-27-01-W465,5.180403031,0.3237751894375,FC(C1=CC=CC(Br)=N1)F,B41,COC1=NC=C(N)C=C1,A35,FC(F)c1nc(Nc2cnc(OC)cc2)ccc1
2079,1909-27-01-W471,1.895149129,0.1184468205625,FC(C1=NC=CC=C1Br)(F)F,B47,COC1=NC=C(N)C=C1,A35,FC(F)(F)c1c(Nc2cnc(OC)cc2)cccn1
2095,1909-27-01-W487,0.729700672,0.0456062920000002,FC(C1=NC=CC=C1Br)(F)F,B47,O=C(C1=CC=CN=C1N)C,A37,FC(F)(F)c1c(Nc2c(C(=O)C)cccn2)cccn1
2097,1909-27-01-W489,3.332899312,0.208306207,FC(C1=CC=CC(Br)=N1)F,B41,CCOC1=NC=CC(N)=C1,A38,FC(F)c1nc(Nc2cc(OCC)ncc2)ccc1
2103,1909-27-01-W495,3.119015303,0.1949384564375,FC(C1=NC=CC=C1Br)(F)F,B47,CCOC1=NC=CC(N)=C1,A38,FC(F)(F)c1c(Nc2cc(OCC)ncc2)cccn1
2111,1909-27-01-W503,1.256681011,0.0785425631875001,FC(C1=NC=CC=C1Br)(F)F,B47,CCOC1=CC(N)=NC=C1,A39,FC(F)(F)c1c(Nc2nccc(OCC)c2)cccn1
2115,1909-27-01-W507,2.594449858,0.162153116125,CC1=CC(Br)=CC(C)=N1,B43,O=[N+](C1=CN=C(N)C=C1)[O-],A40,O=[N+]([O-])c1cnc(Nc2cc(C)nc(C)c2)cc1
2140,1909-27-01-W532,0.887061071,0.0554413169375002,FC(C1=CC(Br)=NC=C1)(F)F,B44,O=C(C1=NC=CC(N)=C1)OC,A43,FC(F)(F)c1cc(Nc2cc(C(=O)OC)ncc2)ncc1
2152,1909-27-01-W544,0.953570989,0.0595981868125002,O=C(OCC)C1=NC=CC(Br)=C1,B48,O=C(OC)C1=CC=NC(N)=C1,A44,O=C(OCC)c1nccc(Nc2nccc(C(=O)OC)c2)c1
2155,1909-27-01-W547,2.129210885,0.1330756803125,CC1=CC(Br)=CC(C)=N1,B43,NC1=NC=C(C(F)(F)F)C=C1,A45,FC(F)(F)c1cnc(Nc2cc(C)nc(C)c2)cc1
2158,1909-27-01-W550,0.686937524,0.0429335952500002,FC(C1=NC=CC(Br)=C1)(F)F,B46,NC1=NC=C(C(F)(F)F)C=C1,A45,FC(F)(F)c1nccc(Nc2ncc(C(F)(F)F)cc2)c1
2163,1909-27-01-W555,3.084211959,0.1927632474375,CC1=CC(Br)=CC(C)=N1,B43,FC(C1=NC=C(N)C=C1)(F)F,A46,FC(F)(F)c1ncc(Nc2cc(C)nc(C)c2)cc1
2166,1909-27-01-W558,1.996645349,0.1247903343125,FC(C1=NC=CC(Br)=C1)(F)F,B46,FC(C1=NC=C(N)C=C1)(F)F,A46,FC(F)(F)c1nccc(Nc2cnc(C(F)(F)F)cc2)c1
2167,1909-27-01-W559,2.274947933,0.1421842458125,FC(C1=NC=CC=C1Br)(F)F,B47,FC(C1=NC=C(N)C=C1)(F)F,A46,FC(F)(F)c1c(Nc2cnc(C(F)(F)F)cc2)cccn1
2171,1909-27-01-W563,5.901855512,0.3688659695,CC1=CC(Br)=CC(C)=N1,B43,FC(C1=NC=CC(N)=C1)(F)F,A47,FC(F)(F)c1nccc(Nc2cc(C)nc(C)c2)c1
2172,1909-27-01-W564,2.007884889,0.1254928055625,FC(C1=CC(Br)=NC=C1)(F)F,B44,FC(C1=NC=CC(N)=C1)(F)F,A47,FC(F)(F)c1nccc(Nc2nccc(C(F)(F)F)c2)c1
2173,1909-27-01-W565,2.243810303,0.1402381439375,FC(C1=NC=C(Br)C=C1)(F)F,B45,FC(C1=NC=CC(N)=C1)(F)F,A47,FC(F)(F)c1nccc(Nc2cnc(C(F)(F)F)cc2)c1
2174,1909-27-01-W566,1.167706362,0.0729816476250002,FC(C1=NC=CC(Br)=C1)(F)F,B46,FC(C1=NC=CC(N)=C1)(F)F,A47,FC(F)(F)c1nccc(Nc2cc(C(F)(F)F)ncc2)c1
2178,1909-27-01-W570,0.580464541,0.0362790338125002,O=C(OC)C1=CN=C(Br)C=C1,B42,O=C(OCC)C1=NC=CC(N)=C1,A48,O=C(OCC)c1nccc(Nc2ncc(C(=O)OC)cc2)c1
2179,1909-27-01-W571,5.596108483,0.3497567801875,CC1=CC(Br)=CC(C)=N1,B43,O=C(OCC)C1=NC=CC(N)=C1,A48,O=C(OCC)c1nccc(Nc2cc(C)nc(C)c2)c1
1636,1909-27-01-W28,5.48005618,0.34250351125,FC1=CC(Br)=NC=C1,B28,FC1=CC=CC(N)=N1,A28,Fc1nc(Nc2nccc(F)c2)ccc1
1650,1909-27-01-W42,0.472316052,0.0295197532500002,CC1=NC=CC(Br)=C1,B26,FC1=C(N)C=CN=C1,A30,Fc1c(Nc2cc(C)ncc2)ccnc1
1654,1909-27-01-W46,5.56282756,0.3476767225,FC1=NC=CC(Br)=C1,B30,FC1=C(N)C=CN=C1,A30,Fc1c(Nc2cc(F)ncc2)ccnc1
1661,1909-27-01-W53,3.28479942,0.20529996375,FC1=CN=CC(Br)=C1,B29,N#CC1=CC(N)=NC=C1,A31,Fc1cc(Nc2nccc(C#N)c2)cnc1
1662,1909-27-01-W54,3.082047602,0.192627975125,FC1=NC=CC(Br)=C1,B30,N#CC1=CC(N)=NC=C1,A31,Fc1nccc(Nc2nccc(C#N)c2)c1
1666,1909-27-01-W58,0.309305538,0.0193315961250002,CC1=NC=CC(Br)=C1,B26,N#CC1=NC=CC(N)=C1,A32,N#Cc1nccc(Nc2cc(C)ncc2)c1
1670,1909-27-01-W62,2.196928636,0.13730803975,FC1=NC=CC(Br)=C1,B30,N#CC1=NC=CC(N)=C1,A32,Fc1nccc(Nc2cc(C#N)ncc2)c1
1700,1909-27-01-W92,0.064842958,0.00405268487500021,FC1=CC(Br)=NC=C1,B28,N#CCC1=NC=CC=C1N,A36,Fc1cc(Nc2c(CC#N)nccc2)ncc1
1714,1909-27-01-W106,1.331925564,0.0832453477500002,CC1=NC=CC(Br)=C1,B26,CCOC1=NC=CC(N)=C1,A38,O(CC)c1nccc(Nc2cc(C)ncc2)c1
1743,1909-27-01-W135,1.378174274,0.0861358921250002,N#CC1=C(Br)C=NC=C1,B31,O=C(OC)C1=CC=NC=C1N,A41,O=C(OC)c1c(Nc2c(C#N)ccnc2)cncc1
1753,1909-27-01-W145,0.296112585,0.0185070365625002,CC1=CN=CC(Br)=C1,B25,O=C(C1=NC=CC(N)=C1)OC,A43,O=C(OC)c1nccc(Nc2cc(C)cnc2)c1
1755,1909-27-01-W147,3.952586207,0.2470366379375,CC1=CC=CC(Br)=N1,B27,O=C(C1=NC=CC(N)=C1)OC,A43,O=C(OC)c1nccc(Nc2nc(C)ccc2)c1
1767,1909-27-01-W159,1.179465389,0.0737165868125002,N#CC1=C(Br)C=NC=C1,B31,O=C(OC)C1=CC=NC(N)=C1,A44,O=C(OC)c1cc(Nc2c(C#N)ccnc2)ncc1
1779,1909-27-01-W171,3.479683285,0.2174802053125,CC1=CC=CC(Br)=N1,B27,FC(C1=NC=C(N)C=C1)(F)F,A46,FC(F)(F)c1ncc(Nc2nc(C)ccc2)cc1
1788,1909-27-01-W180,1.998551855,0.1249094909375,FC1=CC(Br)=NC=C1,B28,FC(C1=NC=CC(N)=C1)(F)F,A47,FC(F)(F)c1nccc(Nc2nccc(F)c2)c1
1789,1909-27-01-W181,2.985169073,0.1865730670625,FC1=CN=CC(Br)=C1,B29,FC(C1=NC=CC(N)=C1)(F)F,A47,FC(F)(F)c1nccc(Nc2cc(F)cnc2)c1
1791,1909-27-01-W183,3.198803191,0.1999251994375,N#CC1=C(Br)C=NC=C1,B31,FC(C1=NC=CC(N)=C1)(F)F,A47,FC(F)(F)c1nccc(Nc2c(C#N)ccnc2)c1
1798,1909-27-01-W190,1.959455309,0.1224659568125,FC1=NC=CC(Br)=C1,B30,O=C(OCC)C1=NC=CC(N)=C1,A48,Fc1nccc(Nc2cc(C(=O)OCC)ncc2)c1
1806,1909-27-01-W198,11.52183155,0.720114471875,CN(C)C1=NC=CC(Br)=C1,B38,CC1=CN=C(N)C=C1,A25,N(C)(C)c1nccc(Nc2ncc(C)cc2)c1
1808,1909-27-01-W200,0.154250146,0.00964063412500019,O=[N+](C1=C(Br)C=NC=C1)[O-],B40,CC1=CN=C(N)C=C1,A25,O=[N+]([O-])c1c(Nc2ncc(C)cc2)cncc1
1810,1909-27-01-W202,1.110778986,0.0694236866250002,COC1=CN=C(Br)C=C1,B34,CC1=C(N)C=NC=C1,A26,O(C)c1cnc(Nc2c(C)ccnc2)cc1
1812,1909-27-01-W204,0.792459605,0.0495287253125002,COC1=CN=CC(Br)=C1,B36,CC1=C(N)C=NC=C1,A26,O(C)c1cc(Nc2c(C)ccnc2)cnc1
1817,1909-27-01-W209,1.278964107,0.0799352566875001,N#CC1=CN=C(Br)C=C1,B33,CC1=NC=CC(N)=C1,A27,N#Cc1cnc(Nc2cc(C)ncc2)cc1
1828,1909-27-01-W220,13.45684369,0.841052730625,COC1=CN=CC(Br)=C1,B36,FC1=CC=CC(N)=N1,A28,Fc1nc(Nc2cc(OC)cnc2)ccc1
1834,1909-27-01-W226,0.292577675,0.0182861046875002,COC1=CN=C(Br)C=C1,B34,FC1=NC=C(N)C=C1,A29,Fc1ncc(Nc2ncc(OC)cc2)cc1
1837,1909-27-01-W229,0.738317757,0.0461448598125002,BrC1=CN=CC(C(C)=O)=C1,B37,FC1=NC=C(N)C=C1,A29,Fc1ncc(Nc2cc(C(=O)C)cnc2)cc1
1849,1909-27-01-W241,2.183238636,0.13645241475,N#CC1=CN=C(Br)C=C1,B33,N#CC1=CC(N)=NC=C1,A31,N#Cc1cc(Nc2ncc(C#N)cc2)ncc1
1855,1909-27-01-W247,0.22992311,0.0143701943750002,O=[N+](C1=CC(Br)=NC=C1)[O-],B39,N#CC1=CC(N)=NC=C1,A31,O=[N+]([O-])c1cc(Nc2nccc(C#N)c2)ncc1
1859,1909-27-01-W251,3.592037174,0.224502323375,COC1=NC=CC(Br)=C1,B35,N#CC1=NC=CC(N)=C1,A32,O(C)c1nccc(Nc2cc(C#N)ncc2)c1
1871,1909-27-01-W263,4.776852545,0.2985532840625,O=[N+](C1=CC(Br)=NC=C1)[O-],B39,CC1=CC(C)=C(N)C=N1,A33,O=[N+]([O-])c1cc(Nc2c(C)cc(C)nc2)ncc1
1872,1909-27-01-W264,0.511242845,0.0319526778125002,O=[N+](C1=C(Br)C=NC=C1)[O-],B40,CC1=CC(C)=C(N)C=N1,A33,O=[N+]([O-])c1c(Nc2c(C)cc(C)nc2)cncc1
1877,1909-27-01-W269,13.80697088,0.86293568,BrC1=CN=CC(C(C)=O)=C1,B37,O=CC1=C(N)C=NC=C1,A34,O=C(C)c1cc(Nc2c(C=O)ccnc2)cnc1
1882,1909-27-01-W274,8.055379908,0.50346124425,COC1=CN=C(Br)C=C1,B34,COC1=NC=C(N)C=C1,A35,O(C)c1ncc(Nc2ncc(OC)cc2)cc1
1889,1909-27-01-W281,0.260329509,0.0162705943125002,N#CC1=CN=C(Br)C=C1,B33,N#CCC1=NC=CC=C1N,A36,N#CCc1c(Nc2ncc(C#N)cc2)cccn1
1899,1909-27-01-W291,1.47629548,0.0922684675000002,COC1=NC=CC(Br)=C1,B35,O=C(C1=CC=CN=C1N)C,A37,O=C(C)c1c(Nc2cc(OC)ncc2)nccc1
1900,1909-27-01-W292,4.016127407,0.2510079629375,COC1=CN=CC(Br)=C1,B36,O=C(C1=CC=CN=C1N)C,A37,O=C(C)c1c(Nc2cc(OC)cnc2)nccc1
1928,1909-27-01-W320,0.815870098,0.0509918811250002,O=[N+](C1=C(Br)C=NC=C1)[O-],B40,O=[N+](C1=CN=C(N)C=C1)[O-],A40,O=[N+]([O-])c1c(Nc2ncc([N+](=O)[O-])cc2)cncc1
1931,1909-27-01-W323,2.478135725,0.1548834828125,COC1=NC=CC(Br)=C1,B35,O=C(OC)C1=CC=NC=C1N,A41,O=C(OC)c1c(Nc2cc(OC)ncc2)cncc1
1951,1909-27-01-W343,1.190737267,0.0744210791875002,O=[N+](C1=CC(Br)=NC=C1)[O-],B39,O=C(C1=NC=CC(N)=C1)OC,A43,O=[N+]([O-])c1cc(Nc2cc(C(=O)OC)ncc2)ncc1
1952,1909-27-01-W344,0.985787379,0.0616117111875002,O=[N+](C1=C(Br)C=NC=C1)[O-],B40,O=C(C1=NC=CC(N)=C1)OC,A43,O=[N+]([O-])c1c(Nc2cc(C(=O)OC)ncc2)cncc1
1955,1909-27-01-W347,1.617021277,0.1010638298125,COC1=NC=CC(Br)=C1,B35,O=C(OC)C1=CC=NC(N)=C1,A44,O=C(OC)c1cc(Nc2cc(OC)ncc2)ncc1
1957,1909-27-01-W349,2.530822661,0.1581764163125,BrC1=CN=CC(C(C)=O)=C1,B37,O=C(OC)C1=CC=NC(N)=C1,A44,O=C(OC)c1cc(Nc2cc(C(=O)C)cnc2)ncc1
1961,1909-27-01-W353,1.193193998,0.0745746248750002,N#CC1=CN=C(Br)C=C1,B33,NC1=NC=C(C(F)(F)F)C=C1,A45,FC(F)(F)c1cnc(Nc2ncc(C#N)cc2)cc1
1962,1909-27-01-W354,11.30800405,0.706750253125,COC1=CN=C(Br)C=C1,B34,NC1=NC=C(C(F)(F)F)C=C1,A45,FC(F)(F)c1cnc(Nc2ncc(OC)cc2)cc1
1972,1909-27-01-W364,5.08753024,0.31797064,COC1=CN=CC(Br)=C1,B36,FC(C1=NC=C(N)C=C1)(F)F,A46,FC(F)(F)c1ncc(Nc2cc(OC)cnc2)cc1
1976,1909-27-01-W368,0.118489333,0.00740558331250019,O=[N+](C1=C(Br)C=NC=C1)[O-],B40,FC(C1=NC=C(N)C=C1)(F)F,A46,FC(F)(F)c1ncc(Nc2c([N+](=O)[O-])ccnc2)cc1
1977,1909-27-01-W369,0.597417025,0.0373385640625002,N#CC1=CN=C(Br)C=C1,B33,FC(C1=NC=CC(N)=C1)(F)F,A47,FC(F)(F)c1nccc(Nc2ncc(C#N)cc2)c1
1980,1909-27-01-W372,5.337044873,0.3335653045625,COC1=CN=CC(Br)=C1,B36,FC(C1=NC=CC(N)=C1)(F)F,A47,FC(F)(F)c1nccc(Nc2cc(OC)cnc2)c1
1981,1909-27-01-W373,3.93556582,0.24597286375,BrC1=CN=CC(C(C)=O)=C1,B37,FC(C1=NC=CC(N)=C1)(F)F,A47,FC(F)(F)c1nccc(Nc2cc(C(=O)C)cnc2)c1
1986,1909-27-01-W378,4.698959982,0.293684998875,COC1=CN=C(Br)C=C1,B34,O=C(OCC)C1=NC=CC(N)=C1,A48,O=C(OCC)c1nccc(Nc2ncc(OC)cc2)c1
1991,1909-27-01-W383,0.856291884,0.0535182427500002,O=[N+](C1=CC(Br)=NC=C1)[O-],B39,O=C(OCC)C1=NC=CC(N)=C1,A48,O=[N+]([O-])c1cc(Nc2cc(C(=O)OCC)ncc2)ncc1
1998,1909-27-01-W390,2.159994309,0.1349996443125,FC(C1=NC=CC(Br)=C1)(F)F,B46,CC1=CN=C(N)C=C1,A25,FC(F)(F)c1nccc(Nc2ncc(C)cc2)c1
1999,1909-27-01-W391,1.326672481,0.0829170300625002,FC(C1=NC=CC=C1Br)(F)F,B47,CC1=CN=C(N)C=C1,A25,FC(F)(F)c1c(Nc2ncc(C)cc2)cccn1
2000,1909-27-01-W392,2.79212873,0.174508045625,O=C(OCC)C1=NC=CC(Br)=C1,B48,CC1=CN=C(N)C=C1,A25,O=C(OCC)c1nccc(Nc2ncc(C)cc2)c1
2005,1909-27-01-W397,2.401475562,0.150092222625,FC(C1=NC=C(Br)C=C1)(F)F,B45,CC1=C(N)C=NC=C1,A26,FC(F)(F)c1ncc(Nc2c(C)ccnc2)cc1
2007,1909-27-01-W399,0.875854694,0.0547409183750002,FC(C1=NC=CC=C1Br)(F)F,B47,CC1=C(N)C=NC=C1,A26,FC(F)(F)c1c(Nc2c(C)ccnc2)cccn1
2010,1909-27-01-W402,3.345029377,0.2090643360625,O=C(OC)C1=CN=C(Br)C=C1,B42,CC1=NC=CC(N)=C1,A27,O=C(OC)c1cnc(Nc2cc(C)ncc2)cc1
2013,1909-27-01-W405,1.937991083,0.1211244426875,FC(C1=NC=C(Br)C=C1)(F)F,B45,CC1=NC=CC(N)=C1,A27,FC(F)(F)c1ncc(Nc2cc(C)ncc2)cc1
2022,1909-27-01-W414,3.811692128,0.238230758,FC(C1=NC=CC(Br)=C1)(F)F,B46,FC1=CC=CC(N)=N1,A28,FC(F)(F)c1nccc(Nc2nc(F)ccc2)c1
2033,1909-27-01-W425,5.449471882,0.340591992625,FC(C1=CC=CC(Br)=N1)F,B41,FC1=C(N)C=CN=C1,A30,FC(F)c1nc(Nc2c(F)cncc2)ccc1
2034,1909-27-01-W426,1.485542141,0.0928463838125002,O=C(OC)C1=CN=C(Br)C=C1,B42,FC1=C(N)C=CN=C1,A30,Fc1c(Nc2ncc(C(=O)OC)cc2)ccnc1
2042,1909-27-01-W434,1.999530801,0.1249706750625,O=C(OC)C1=CN=C(Br)C=C1,B42,N#CC1=CC(N)=NC=C1,A31,O=C(OC)c1cnc(Nc2nccc(C#N)c2)cc1
2043,1909-27-01-W435,0.722385892,0.0451491182500002,CC1=CC(Br)=CC(C)=N1,B43,N#CC1=CC(N)=NC=C1,A31,N#Cc1cc(Nc2cc(C)nc(C)c2)ncc1
2045,1909-27-01-W437,1.810510806,0.113156925375,FC(C1=NC=C(Br)C=C1)(F)F,B45,N#CC1=CC(N)=NC=C1,A31,FC(F)(F)c1ncc(Nc2nccc(C#N)c2)cc1
2064,1909-27-01-W456,3.97469712,0.24841857,O=C(OCC)C1=NC=CC(Br)=C1,B48,CC1=CC(C)=C(N)C=N1,A33,O=C(OCC)c1nccc(Nc2c(C)cc(C)nc2)c1
2075,1909-27-01-W467,1.002205541,0.0626378463125002,CC1=CC(Br)=CC(C)=N1,B43,COC1=NC=C(N)C=C1,A35,O(C)c1ncc(Nc2cc(C)nc(C)c2)cc1
2076,1909-27-01-W468,4.688575094,0.293035943375,FC(C1=CC(Br)=NC=C1)(F)F,B44,COC1=NC=C(N)C=C1,A35,FC(F)(F)c1cc(Nc2cnc(OC)cc2)ncc1
2098,1909-27-01-W490,2.068956767,0.1293097979375,O=C(OC)C1=CN=C(Br)C=C1,B42,CCOC1=NC=CC(N)=C1,A38,O=C(OC)c1cnc(Nc2cc(OCC)ncc2)cc1
2099,1909-27-01-W491,1.360294589,0.0850184118125002,CC1=CC(Br)=CC(C)=N1,B43,CCOC1=NC=CC(N)=C1,A38,O(CC)c1nccc(Nc2cc(C)nc(C)c2)c1
2100,1909-27-01-W492,2.963952384,0.185247024,FC(C1=CC(Br)=NC=C1)(F)F,B44,CCOC1=NC=CC(N)=C1,A38,FC(F)(F)c1cc(Nc2cc(OCC)ncc2)ncc1
2102,1909-27-01-W494,1.411571183,0.0882231989375002,FC(C1=NC=CC(Br)=C1)(F)F,B46,CCOC1=NC=CC(N)=C1,A38,FC(F)(F)c1nccc(Nc2cc(OCC)ncc2)c1
2106,1909-27-01-W498,5.038889546,0.314930596625,O=C(OC)C1=CN=C(Br)C=C1,B42,CCOC1=CC(N)=NC=C1,A39,O=C(OC)c1cnc(Nc2nccc(OCC)c2)cc1
2113,1909-27-01-W505,2.059098281,0.1286936425625,FC(C1=CC=CC(Br)=N1)F,B41,O=[N+](C1=CN=C(N)C=C1)[O-],A40,FC(F)c1nc(Nc2ncc([N+](=O)[O-])cc2)ccc1
2116,1909-27-01-W508,2.479530462,0.154970653875,FC(C1=CC(Br)=NC=C1)(F)F,B44,O=[N+](C1=CN=C(N)C=C1)[O-],A40,FC(F)(F)c1cc(Nc2ncc([N+](=O)[O-])cc2)ncc1
2119,1909-27-01-W511,1.409368952,0.0880855595000002,FC(C1=NC=CC=C1Br)(F)F,B47,O=[N+](C1=CN=C(N)C=C1)[O-],A40,FC(F)(F)c1c(Nc2ncc([N+](=O)[O-])cc2)cccn1
2123,1909-27-01-W515,2.648122341,0.1655076463125,CC1=CC(Br)=CC(C)=N1,B43,O=C(OC)C1=CC=NC=C1N,A41,O=C(OC)c1c(Nc2cc(C)nc(C)c2)cncc1
2137,1909-27-01-W529,3.695624362,0.230976522625,FC(C1=CC=CC(Br)=N1)F,B41,O=C(C1=NC=CC(N)=C1)OC,A43,FC(F)c1nc(Nc2cc(C(=O)OC)ncc2)ccc1
2146,1909-27-01-W538,3.133697873,0.1958561170625,O=C(OC)C1=CN=C(Br)C=C1,B42,O=C(OC)C1=CC=NC(N)=C1,A44,O=C(OC)c1cc(Nc2ncc(C(=O)OC)cc2)ncc1
2148,1909-27-01-W540,6.515378962,0.407211185125,FC(C1=CC(Br)=NC=C1)(F)F,B44,O=C(OC)C1=CC=NC(N)=C1,A44,FC(F)(F)c1cc(Nc2nccc(C(=O)OC)c2)ncc1
2156,1909-27-01-W548,4.333820917,0.2708638073125,FC(C1=CC(Br)=NC=C1)(F)F,B44,NC1=NC=C(C(F)(F)F)C=C1,A45,FC(F)(F)c1cc(Nc2ncc(C(F)(F)F)cc2)ncc1
2157,1909-27-01-W549,0.923910729,0.0577444205625002,FC(C1=NC=C(Br)C=C1)(F)F,B45,NC1=NC=C(C(F)(F)F)C=C1,A45,FC(F)(F)c1ncc(Nc2ncc(C(F)(F)F)cc2)cc1
2160,1909-27-01-W552,1.176978218,0.0735611386250002,O=C(OCC)C1=NC=CC(Br)=C1,B48,NC1=NC=C(C(F)(F)F)C=C1,A45,FC(F)(F)c1cnc(Nc2cc(C(=O)OCC)ncc2)cc1
2182,1909-27-01-W574,1.193941218,0.0746213261250002,FC(C1=NC=CC(Br)=C1)(F)F,B46,O=C(OCC)C1=NC=CC(N)=C1,A48,FC(F)(F)c1nccc(Nc2cc(C(=O)OCC)ncc2)c1
2183,1909-27-01-W575,0.334515075,0.0209071921875002,FC(C1=NC=CC=C1Br)(F)F,B47,O=C(OCC)C1=NC=CC(N)=C1,A48,FC(F)(F)c1c(Nc2cc(C(=O)OCC)ncc2)cccn1
